-- phpMyAdmin SQL Dump
-- version 4.6.6deb5
-- https://www.phpmyadmin.net/
--
-- Servidor: localhost:3306
-- Tiempo de generación: 18-07-2019 a las 22:55:09
-- Versión del servidor: 5.7.26-0ubuntu0.18.04.1
-- Versión de PHP: 7.2.17-0ubuntu0.18.04.1

SET SQL_MODE = "NO_AUTO_VALUE_ON_ZERO";
SET time_zone = "+00:00";


/*!40101 SET @OLD_CHARACTER_SET_CLIENT=@@CHARACTER_SET_CLIENT */;
/*!40101 SET @OLD_CHARACTER_SET_RESULTS=@@CHARACTER_SET_RESULTS */;
/*!40101 SET @OLD_COLLATION_CONNECTION=@@COLLATION_CONNECTION */;
/*!40101 SET NAMES utf8mb4 */;

--
-- Base de datos: `i-g-i`
--

-- --------------------------------------------------------

--
-- Estructura de tabla para la tabla `categorias`
--

CREATE TABLE `categorias` (
  `id` int(10) UNSIGNED NOT NULL,
  `nombre_categoria` varchar(255) COLLATE utf8mb4_unicode_ci NOT NULL,
  `url_clase` text COLLATE utf8mb4_unicode_ci,
  `created_at` timestamp NULL DEFAULT NULL,
  `updated_at` timestamp NULL DEFAULT NULL
) ENGINE=InnoDB DEFAULT CHARSET=utf8mb4 COLLATE=utf8mb4_unicode_ci;

--
-- Volcado de datos para la tabla `categorias`
--

INSERT INTO `categorias` (`id`, `nombre_categoria`, `url_clase`, `created_at`, `updated_at`) VALUES
(1, 'Saludos y presentaciones', '#', '2018-09-11 17:26:54', '2018-09-11 17:26:54'),
(2, 'Animales', '#', '2018-09-15 18:30:12', '2018-09-15 18:30:12'),
(3, 'Ropa', '#', '2018-09-15 18:31:47', '2018-09-15 18:31:47'),
(4, 'Vocabulario', '#', '2018-09-15 18:33:39', '2018-09-15 18:33:39'),
(5, '¿Cómo te llamas?', '#', '2018-09-17 19:58:36', '2018-09-17 19:58:36'),
(6, '¿Cómo estás?', '#', '2018-09-17 20:30:05', '2018-09-17 20:30:05'),
(7, '¿De dónde eres?', '#', '2018-09-20 17:08:24', '2018-09-20 17:08:24'),
(8, '¿Dónde vives?', '#', '2018-10-03 17:06:17', '2018-10-03 17:06:17'),
(9, 'Países', '#', '2018-10-09 17:00:46', '2018-10-09 17:00:46'),
(10, '¿Estudias o trabajas?', '#', '2018-10-11 19:13:02', '2018-10-11 19:13:02'),
(11, 'Estudios y profesiones', '#', '2018-10-17 17:54:46', '2018-10-17 18:51:36'),
(12, '¿Qué idiomas hablas?', '#', '2018-12-02 19:06:15', '2018-12-02 19:06:15'),
(13, 'Pronombres personales (nominativo)', '#', '2019-01-28 18:32:36', '2019-01-28 18:32:36'),
(14, 'EL VERBO EIMAI', '#', '2019-01-29 18:07:24', '2019-01-29 18:07:24'),
(15, 'Artículos definidos e indefinidos', '#', '2019-01-30 17:21:59', '2019-01-30 17:21:59'),
(18, 'Sustantivos', 'https://academiaegeo.com/cursos/a1/lecciones/sustantivos/', '2019-02-04 18:01:32', '2019-03-27 17:21:11'),
(19, 'Numeros y Num. Ordinales (1º, 2º, 3º…)', '#', '2019-02-08 19:19:54', '2019-03-27 17:19:58'),
(20, '¿Cuántos años tienes?', '#', '2019-02-12 16:34:36', '2019-02-12 16:34:36'),
(21, 'Precios y dinero', '#', '2019-02-14 15:42:21', '2019-02-14 15:42:21'),
(22, 'La Hora', '#', '2019-02-18 17:19:28', '2019-02-18 17:19:28'),
(23, 'Los días y los meses', '#', '2019-02-19 17:14:13', '2019-02-19 17:14:13'),
(24, 'Las estaciones y el clima', '#', '2019-02-25 17:21:39', '2019-02-25 17:21:39'),
(25, 'Adjetivos', NULL, '2019-03-13 17:20:09', '2019-03-13 17:20:09'),
(26, 'Posesivos', 'https://academiaegeo.com/cursos/a1/lecciones/posesivos/', '2019-03-25 18:00:11', '2019-03-27 17:01:09'),
(27, 'Saludos y Disculpas', NULL, '2019-07-18 14:39:36', '2019-07-18 15:36:37'),
(28, 'Verbos, Adverbios Y Vocabulario', NULL, '2019-07-18 15:28:13', '2019-07-18 15:37:40'),
(29, 'Colores', NULL, '2019-07-18 15:34:19', '2019-07-18 15:35:56'),
(30, 'Fechas, Meses, Dias de la semana, Temporadas año', NULL, '2019-07-18 15:42:22', '2019-07-18 15:44:18'),
(31, 'Objetos', NULL, '2019-07-18 18:42:44', '2019-07-18 18:42:44'),
(32, 'Lugares, Paises, Viajes', NULL, '2019-07-18 18:47:40', '2019-07-18 18:47:40'),
(33, 'Familia y Personas', NULL, '2019-07-18 18:53:58', '2019-07-18 18:53:58');

-- --------------------------------------------------------

--
-- Estructura de tabla para la tabla `cuestionarios`
--

CREATE TABLE `cuestionarios` (
  `id` int(10) UNSIGNED NOT NULL,
  `frase` text COLLATE utf8mb4_unicode_ci,
  `sig_frase` text COLLATE utf8mb4_unicode_ci,
  `idioma` varchar(255) COLLATE utf8mb4_unicode_ci NOT NULL,
  `created_at` timestamp NULL DEFAULT NULL,
  `updated_at` timestamp NULL DEFAULT NULL
) ENGINE=InnoDB DEFAULT CHARSET=utf8mb4 COLLATE=utf8mb4_unicode_ci;

-- --------------------------------------------------------

--
-- Estructura de tabla para la tabla `dialogos`
--

CREATE TABLE `dialogos` (
  `id` int(10) UNSIGNED NOT NULL,
  `titulo` varchar(255) COLLATE utf8mb4_unicode_ci NOT NULL,
  `idioma` varchar(255) COLLATE utf8mb4_unicode_ci NOT NULL,
  `dialogo` longtext COLLATE utf8mb4_unicode_ci NOT NULL,
  `created_at` timestamp NULL DEFAULT NULL,
  `updated_at` timestamp NULL DEFAULT NULL
) ENGINE=InnoDB DEFAULT CHARSET=utf8mb4 COLLATE=utf8mb4_unicode_ci;

--
-- Volcado de datos para la tabla `dialogos`
--

INSERT INTO `dialogos` (`id`, `titulo`, `idioma`, `dialogo`, `created_at`, `updated_at`) VALUES
(1, 'Dialogo 1', 'griego', 'Ειρήνη: Γεια, με λένε Ειρήνη!\r\n\r\nΈφη: Γεια σου, Ειρήνη! Τι νέα;  //  (Expresión parecida al Τι κάνεις, “¿Qué hay de nuevo?”)\r\n\r\nΕιρήνη: Καλά, εσύ; Πώς σε λένε;\r\n\r\nΈφη: Με λένε Έφη!\r\n\r\nΕιρήνη: Και από πού είσαι;\r\n\r\nΈφη: Είμαι Ελληνίδα, από την Αθήνα!\r\n\r\nΕιρήνη: Α, μένεις δηλαδή στην Αθήνα;  //  (δηλαδή significa “es decir” o “entonces”)\r\n\r\nΈφη: Ναι, εγώ μένω στην Αθήνα. Εσύ, στη Θεσσαλονίκη;\r\n\r\nΕιρήνη: Όχι, στην Αθήνα και εγώ.  //  (και εγώ es una forma de decir “yo también”, literalmente es “y yo”)\r\n\r\nΈφη: Α, τέλεια!', '2019-01-28 18:26:52', '2019-01-28 18:26:52'),
(2, 'Dialogo 2', 'griego', 'Γεια σας, είμαι η Λία Παπαδάκη, και είμαι από Ελλάδα. Μένω στην Αθήνα, και έχω σπουδάσει Οικονομία και Διοίκηση Επιχειρήσεων.\r\n \r\n\r\nLia se presenta diciendo que es de Grecia también sin poner el artículo (Είμαι από την Ελλάδα). En la lengua coloquial muchas veces se omite, pero lo correcto es decirlo. También nos dice que ha estudiado Economía y Administración de Empresas.\r\n\r\n \r\n\r\nΔουλεύω ως DJ σε όλη την Ελλάδα, στην Ευρώπη, αλλά και εκτός Ευρώπης. Μιλάω πέντε γλώσσες, οι οποίες είναι Ελληνικά, Αγγλικά, Γερμανικά, Τουρκικά και Ισπανικά.\r\n \r\n\r\nLa frase σε όλη την Ελλάδα significa “en toda Grecia”, y αλλά και εκτός Ευρώπης significa “pero también fuera de Europa”. Finalmente, el οι οποίες significa “las cuales” (Habla 5 lenguas, las cuales son…)', '2019-01-28 18:31:34', '2019-01-28 18:31:34');

-- --------------------------------------------------------

--
-- Estructura de tabla para la tabla `griegos`
--

CREATE TABLE `griegos` (
  `id` int(10) UNSIGNED NOT NULL,
  `palabra` varchar(255) COLLATE utf8mb4_unicode_ci NOT NULL,
  `significado` varchar(255) COLLATE utf8mb4_unicode_ci NOT NULL,
  `id_categoria` int(10) UNSIGNED NOT NULL,
  `created_at` timestamp NULL DEFAULT NULL,
  `updated_at` timestamp NULL DEFAULT NULL,
  `slug` varchar(255) COLLATE utf8mb4_unicode_ci DEFAULT NULL,
  `favorita` int(11) NOT NULL DEFAULT '0'
) ENGINE=InnoDB DEFAULT CHARSET=utf8mb4 COLLATE=utf8mb4_unicode_ci;

--
-- Volcado de datos para la tabla `griegos`
--

INSERT INTO `griegos` (`id`, `palabra`, `significado`, `id_categoria`, `created_at`, `updated_at`, `slug`, `favorita`) VALUES
(1, 'Γεια σας', 'hola', 1, '2018-09-11 17:29:29', '2018-09-11 17:29:29', 'Γειασαςhola', 0),
(2, 'χαιρετισμοί', 'saludos', 1, '2018-09-11 17:30:10', '2018-09-11 17:30:10', 'χαιρετισμοίsaludos', 0),
(3, 'αποχαιρετισμοί', 'despedidas', 1, '2018-09-11 17:30:45', '2018-09-11 17:30:45', 'αποχαιρετισμοίdespedidas', 0),
(4, 'Γεια σου', 'hola, chao', 1, '2018-09-11 17:31:23', '2018-09-11 17:31:23', 'Γειασουhola,chao', 0),
(5, 'Καλημέρα', 'buenos días', 1, '2018-09-11 17:32:12', '2018-09-11 17:32:12', 'Καλημέραbuenosdías', 0),
(6, 'Καλησπέρα', 'buenas tardes', 1, '2018-09-11 17:32:36', '2018-09-11 17:32:36', 'Καλησπέραbuenastardes', 0),
(7, 'Καληνύχτα', 'buenas noches', 1, '2018-09-11 17:33:24', '2018-09-11 17:33:24', 'Καληνύχταbuenasnoches', 0),
(8, 'Καλό μεσημέρι', 'buen mediodía', 1, '2018-09-11 17:33:52', '2018-09-11 17:33:52', 'Καλόμεσημέριbuenmediodía', 0),
(9, 'Καλό απόγευμα', 'buena tarde – después de comer', 1, '2018-09-11 17:34:20', '2018-09-11 17:34:20', 'Καλόαπόγευμαbuenatarde–despuésdecomer', 0),
(10, 'Καλό βράδυ', 'buena tarde-noche', 1, '2018-09-11 17:34:57', '2018-09-11 17:34:57', 'Καλόβράδυbuenatarde-noche', 0),
(11, 'Αντίο', 'adios (muy formal)', 1, '2018-09-11 17:41:21', '2018-09-11 17:41:21', 'Αντίοadios(muyformal)', 0),
(12, 'Τα λέμε', 'hasta luego', 1, '2018-09-11 17:42:24', '2018-09-11 17:42:24', 'Ταλέμεhastaluego', 0),
(13, 'Θα τα πούμε', 'hablamos', 1, '2018-09-11 17:42:51', '2018-09-11 17:42:51', 'Θαταπούμεhablamos', 0),
(14, 'Γεια', 'hola, chao', 1, '2018-09-11 17:43:17', '2018-09-11 17:43:17', 'Γειαhola,chao', 0),
(15, 'Στο καλό', 'que te vaya bien', 1, '2018-09-11 17:43:44', '2018-09-11 17:43:44', 'Στοκαλόquetevayabien', 0),
(16, 'Να είσαι/είστε καλά', 'que estés/esté bien', 1, '2018-09-11 17:44:15', '2018-09-11 17:44:15', 'Ναείσαι/είστεκαλάqueestés/estébien', 0),
(17, 'Καλημέρα σας', 'buenos dias (en plural)', 1, '2018-09-11 17:47:11', '2018-09-11 17:47:11', 'Καλημέρασαςbuenosdias(enplural)', 0),
(18, 'λιοντάρι', 'leon', 2, '2018-09-15 18:30:57', '2018-09-15 18:30:57', 'λιοντάριleon', 0),
(19, 'σαλιγκαρι', 'caracol', 2, '2018-09-15 18:31:12', '2018-09-15 18:31:12', 'σαλιγκαριcaracol', 0),
(20, 'πουλι', 'pajaro', 2, '2018-09-15 18:31:25', '2018-09-15 18:31:25', 'πουλιpajaro', 0),
(21, 'Φούστα', 'falda', 3, '2018-09-15 18:33:04', '2018-09-15 18:33:04', 'Φούσταfalda', 0),
(22, 'Κούρεμα', 'corte de pelo', 4, '2018-09-15 18:34:05', '2018-09-15 18:34:05', 'Κούρεμαcortedepelo', 0),
(23, 'Τέλεια', 'perfecto', 4, '2018-09-15 18:34:18', '2018-09-15 18:34:18', 'Τέλειαperfecto', 0),
(24, 'Ειδήσεις', 'noticias', 4, '2018-09-15 18:34:33', '2018-09-15 18:34:33', 'Ειδήσειςnoticias', 0),
(25, 'Μοιάζω', 'aparentar, parecer', 4, '2018-09-15 18:35:40', '2018-09-15 18:35:40', 'Μοιάζωaparentar,parecer', 0),
(26, 'δόντια', 'dientes', 4, '2018-09-15 18:36:17', '2018-09-15 18:36:17', 'δόντιαdientes', 0),
(27, 'λαμπα', 'bombillo', 4, '2018-09-15 18:36:36', '2018-09-15 18:36:36', 'λαμπαbombillo', 0),
(28, 'μπουκάλι', 'botella', 4, '2018-09-15 18:36:48', '2018-09-15 18:36:48', 'μπουκάλιbotella', 0),
(29, 'παγκακι', 'banco(sentarse)', 4, '2018-09-15 18:37:02', '2018-09-15 18:37:02', 'παγκακιbanco(sentarse)', 0),
(30, 'παραγγελι\'α', 'pedido', 4, '2018-09-15 18:37:19', '2018-09-15 18:37:19', 'παραγγελι\'αpedido', 0),
(31, 'ευτυχισμενος', 'contento', 4, '2018-09-15 18:37:39', '2018-09-15 18:37:39', 'ευτυχισμενοςcontento', 0),
(32, 'εισοδος', 'entrada', 4, '2018-09-15 18:37:50', '2018-09-15 18:37:50', 'εισοδοςentrada', 0),
(33, 'Ψώνια', 'compras', 4, '2018-09-15 18:38:01', '2018-09-15 18:38:01', 'Ψώνιαcompras', 0),
(34, 'Χαλί', 'alfombra', 4, '2018-09-15 18:38:13', '2018-09-15 18:38:13', 'Χαλίalfombra', 0),
(35, 'Γαρίδα', 'gamba', 4, '2018-09-15 18:38:24', '2018-09-15 18:38:24', 'Γαρίδαgamba', 0),
(36, 'Θάλασσα', 'mar', 4, '2018-09-15 18:38:36', '2018-09-15 18:38:36', 'Θάλασσαmar', 0),
(37, 'Παραλία', 'playa', 4, '2018-09-15 18:38:49', '2018-09-15 18:38:49', 'Παραλίαplaya', 0),
(38, 'Τραπέζι', 'mesa', 4, '2018-09-15 18:39:07', '2018-09-15 18:39:07', 'Τραπέζιmesa', 0),
(39, 'Ήλιος', 'sol', 4, '2018-09-15 18:39:27', '2018-09-15 18:39:27', 'Ήλιοςsol', 0),
(40, 'Γέφυρα', 'puente', 4, '2018-09-15 18:39:40', '2018-09-15 18:39:40', 'Γέφυραpuente', 0),
(41, 'Κάστρο', 'castillo', 4, '2018-09-15 18:39:55', '2018-09-15 18:39:55', 'Κάστροcastillo', 0),
(42, 'Παίζω', 'jugar', 4, '2018-09-15 18:40:05', '2018-09-15 18:40:05', 'Παίζωjugar', 0),
(43, 'Οικογένεια', 'familia', 4, '2018-09-15 18:40:16', '2018-09-15 18:40:16', 'Οικογένειαfamilia', 0),
(44, 'Καινούριος', 'nuevo', 4, '2018-09-15 18:40:29', '2018-09-15 18:40:29', 'Καινούριοςnuevo', 0),
(45, 'Αγκάθι', 'espina', 4, '2018-09-15 18:40:41', '2018-09-15 18:40:41', 'Αγκάθιespina', 0),
(46, 'Μπισκότο', 'galleta', 4, '2018-09-15 18:41:02', '2018-09-15 18:41:02', 'Μπισκότοgalleta', 0),
(47, 'Καμπούρα', 'joroba', 4, '2018-09-15 18:41:14', '2018-09-15 18:41:14', 'Καμπούραjoroba', 0),
(48, 'Ντους', 'ducha', 4, '2018-09-15 18:41:32', '2018-09-15 18:41:32', 'Ντουςducha', 0),
(49, 'Υγεία', 'salud', 4, '2018-09-15 18:41:49', '2018-09-15 18:41:49', 'Υγείαsalud', 0),
(50, 'Πώς σε/σας λένε;', '¿cómo te/le dicen?', 5, '2018-09-17 19:59:15', '2018-09-17 19:59:15', 'Πώςσε/σαςλένε;¿cómote/ledicen?', 0),
(51, 'Πώς ονομάζεσαι/ονομάζεστε;', '¿cómo te llamas/se llama usted?', 5, '2018-09-17 19:59:54', '2019-01-26 12:15:44', 'Πώςονομάζεσαι/ονομάζεστε;¿cómotellamas/sellamausted?', 1),
(52, '(Εμένα) με λένε + nombre en acusativo', '(a mí) me dicen', 5, '2018-09-17 20:01:26', '2018-09-17 20:01:26', '(Εμένα)μελένε+nombreenacusativo(amí)medicen', 0),
(53, '(Εγώ) είμαι + artículo ο/η + nombre en nominativo', '(yo) soy ...', 5, '2018-09-17 20:02:46', '2018-09-17 20:02:46', '(Εγώ)είμαι+artículoο/η+nombreennominativo(yo)soy...', 0),
(54, '(Εγώ) ονομάζομαι + nombre en nominativo', '(yo) me llamo …', 5, '2018-09-17 20:03:21', '2019-01-26 15:07:05', '(Εγώ)ονομάζομαι+nombreennominativo(yo)mellamo…', 1),
(55, 'Και εσένα, πώς σε λένε;', 'y tú, ¿cómo te llamas?', 5, '2018-09-17 20:04:03', '2018-09-17 20:04:03', 'Καιεσένα,πώςσελένε;ytú,¿cómotellamas?', 0),
(56, 'Τα 20 πιο συχνά ονόματα στην Ελλάδα', 'los 20 nombres más frecuentes en grecia', 5, '2018-09-17 20:05:24', '2018-09-17 20:05:24', 'Τα20πιοσυχνάονόματαστηνΕλλάδαlos20nombresmásfrecuentesengrecia', 0),
(57, 'Τι κάνεις/κάνετε;', '¿qué tal?', 6, '2018-09-17 20:31:13', '2019-01-26 15:10:06', 'Τικάνεις/κάνετε;¿quétal?', 0),
(58, 'Καλά είσαι; / Είσαι καλά;', '¿estás bien?', 6, '2018-09-17 20:31:41', '2018-09-17 20:31:41', 'Καλάείσαι;/Είσαικαλά;¿estásbien?', 0),
(59, 'Πώς είσαι/είστε;', '¿cómo estás?', 6, '2018-09-17 20:32:11', '2019-01-26 15:09:57', 'Πώςείσαι/είστε;¿cómoestás?', 1),
(60, 'Όλα καλά;', '¿todo bien?', 6, '2018-09-17 20:32:38', '2018-09-17 20:32:38', 'Όλακαλά;¿todobien?', 0),
(61, 'Πώς πάει;', '¿cómo va?', 6, '2018-09-17 20:33:06', '2019-01-26 15:10:07', 'Πώςπάει;¿cómova?', 1),
(62, 'Τι κάνεις, φίλε, καλά είσαι;', '¿qué tal, amigo, estás bien?', 6, '2018-09-17 20:34:33', '2018-09-17 20:34:33', 'Τικάνεις,φίλε,καλάείσαι;¿quétal,amigo,estásbien?', 0),
(63, 'Γεια σας, πώς είστε σήμερα;', 'hola, ¿cómo está usted hoy?', 6, '2018-09-17 20:35:02', '2018-09-17 20:35:02', 'Γειασας,πώςείστεσήμερα;hola,¿cómoestáustedhoy?', 0),
(64, 'Έλα, πώς πάει;', 'hey, ¿cómo va?', 6, '2018-09-17 20:35:25', '2018-09-17 20:35:25', 'Έλα,πώςπάει;hey,¿cómova?', 0),
(65, 'Καλημέρα, αγάπη μου! Όλα καλά;', '¡buenos días, mi amor! ¿todo bien?', 6, '2018-09-17 20:35:57', '2018-09-17 20:35:57', 'Καλημέρα,αγάπημου!Όλακαλά;¡buenosdías,miamor!¿todobien?', 0),
(66, 'Πολύ καλά', 'muy bien', 6, '2018-09-17 20:37:25', '2018-09-17 20:37:25', 'Πολύκαλάmuybien', 0),
(67, 'Μια χαρά!', 'estupendamente', 6, '2018-09-17 20:47:34', '2018-09-17 20:47:34', 'Μιαχαρά!estupendamente', 0),
(68, 'Καλά', 'bien', 6, '2018-09-17 20:47:58', '2018-09-17 20:47:58', 'Καλάbien', 0),
(69, 'Εντάξει', 'ok', 6, '2018-09-17 20:52:53', '2018-09-17 20:52:53', 'Εντάξειok', 0),
(70, 'Έτσι κι έτσι', 'más o menos', 6, '2018-09-17 20:53:20', '2018-09-17 20:53:20', 'Έτσικιέτσιmásomenos', 0),
(71, 'Δεν είμαι καλά', 'no estoy bien', 6, '2018-09-17 20:54:40', '2018-09-17 20:54:40', 'Δενείμαικαλάnoestoybien', 0),
(72, 'Ευχαριστώ', 'gracias', 6, '2018-09-17 20:55:06', '2018-09-17 20:55:06', 'Ευχαριστώgracias', 0),
(73, 'Από πού είσαι/είστε;', '¿de dónde eres/es-son?', 7, '2018-09-20 17:09:10', '2019-01-26 15:11:18', 'Απόπούείσαι/είστε;¿dedóndeeres/es-son?', 0),
(74, 'Είμαι + από + artículo en acusativo + nombre del país', 'soy + de + artículo en acusativo + nombre del país', 7, '2018-09-20 17:10:14', '2018-09-20 17:10:14', 'Είμαι+από+artículoenacusativo+nombredelpaíssoy+de+artículoenacusativo+nombredelpaís', 0),
(75, 'Είμαι από την Ισπανία', 'soy de españa', 7, '2018-09-20 17:10:56', '2019-01-26 15:12:00', 'ΕίμαιαπότηνΙσπανίαsoydeespaña', 1),
(76, 'Είμαι από το Μεξικό', 'soy de méxico', 7, '2018-09-20 17:11:38', '2018-09-20 17:11:38', 'ΕίμαιαπότοΜεξικόsoydeméxico', 0),
(77, 'Είμαι από τον Λίβανο', 'soy de líbano', 7, '2018-09-20 17:12:00', '2018-09-20 17:12:00', 'ΕίμαιαπότονΛίβανοsoydelíbano', 0),
(78, 'Είμαι από τις Ηνωμένες Πολιτείες της Αμερικής', 'soy de eeuu', 7, '2018-09-20 17:12:43', '2018-09-20 17:12:43', 'ΕίμαιαπότιςΗνωμένεςΠολιτείεςτηςΑμερικήςsoydeeeuu', 0),
(79, 'Πού μένεις/μένετε;', '¿dónde vives?', 8, '2018-10-03 17:06:59', '2019-04-02 15:25:41', 'Πούμένεις/μένετε;¿dóndevives?', 1),
(80, 'Ποια είναι η διεύθυνσή σου/σας;', '¿cuál es tu dirección?', 8, '2018-10-03 17:07:25', '2018-10-03 17:07:25', 'Ποιαείναιηδιεύθυνσήσου/σας;¿cuálestudirección?', 0),
(81, 'Διεύθυνση, παρακαλώ', 'dirección, por favor', 8, '2018-10-03 17:07:51', '2018-10-03 17:07:51', 'Διεύθυνση,παρακαλώdirección,porfavor', 0),
(82, 'Μένω στο Λονδίνο', 'vivo en londres', 8, '2018-10-03 17:11:28', '2018-10-03 17:11:28', 'ΜένωστοΛονδίνοvivoenlondres', 0),
(83, 'Μένω στη Μαδρίτη', 'vivo en madrid', 8, '2018-10-03 17:12:20', '2019-01-26 19:46:35', 'ΜένωστηΜαδρίτηvivoenmadrid', 0),
(84, 'Μένω στο Μπουένος Άιρες', 'vivo en buenos aires', 8, '2018-10-03 17:12:45', '2018-10-03 17:12:45', 'ΜένωστοΜπουένοςΆιρεςvivoenbuenosaires', 0),
(85, 'Μένω στην Αθήνα', 'vivo en atenas', 8, '2018-10-03 17:13:12', '2019-01-26 19:47:08', 'ΜένωστηνΑθήναvivoenatenas', 0),
(86, 'Μένω στην οδό …', 'vivo en la calle …', 8, '2018-10-03 17:13:47', '2019-01-26 19:47:07', 'Μένωστηνοδό…vivoenlacalle…', 0),
(87, 'Μένω στη λεωφόρο …', 'vivo en la avenida …', 8, '2018-10-03 17:14:18', '2019-01-26 19:47:01', 'Μένωστηλεωφόρο…vivoenlaavenida…', 1),
(88, 'Μένω στην πλατεία …', 'vivo en la plaza …', 8, '2018-10-03 17:14:46', '2019-01-26 19:47:17', 'Μένωστηνπλατεία…vivoenlaplaza…', 1),
(91, 'Καναδάς', 'canada', 9, '2018-10-09 17:02:48', '2018-10-09 17:02:48', 'Καναδάςcanada', 0),
(92, 'Παναμάς', 'panama', 9, '2018-10-09 17:03:28', '2018-10-09 17:03:28', 'Παναμάςpanama', 0),
(93, 'Αγγλία', 'inglaterra', 9, '2018-10-09 17:05:26', '2018-10-09 17:05:26', 'Αγγλίαinglaterra', 0),
(94, 'Αλβανία', 'albania', 9, '2018-10-09 17:06:04', '2018-10-09 17:06:04', 'Αλβανίαalbania', 0),
(95, 'Αργεντινή', 'argentina', 9, '2018-10-09 17:06:41', '2018-10-09 17:06:41', 'Αργεντινήargentina', 0),
(96, 'Αυστραλία', 'australia', 9, '2018-10-09 17:07:07', '2018-10-09 17:07:07', 'Αυστραλίαaustralia', 0),
(97, 'Αυστρία', 'austria', 9, '2018-10-09 17:07:34', '2018-10-09 17:07:34', 'Αυστρίαaustria', 0),
(98, 'Βενεζουέλα', 'venezuela', 9, '2018-10-09 17:08:04', '2018-10-09 17:08:04', 'Βενεζουέλαvenezuela', 0),
(99, 'Βολιβία', 'bolivia', 9, '2018-10-09 17:10:35', '2018-10-09 17:10:35', 'Βολιβίαbolivia', 0),
(100, 'Βοσνία και Ερζεγοβίνη', 'bosnia y herzegovina', 9, '2018-10-09 17:12:06', '2018-10-09 17:12:06', 'ΒοσνίακαιΕρζεγοβίνηbosniayherzegovina', 0),
(101, 'Βουλγαρία', 'bulgaria', 9, '2018-10-09 17:12:33', '2018-10-09 17:12:33', 'Βουλγαρίαbulgaria', 0),
(102, 'Βραζιλία', 'brasil', 9, '2018-10-09 17:12:58', '2018-10-09 17:12:58', 'Βραζιλίαbrasil', 0),
(103, 'Γαλλία', 'francia', 9, '2018-10-09 17:13:28', '2018-10-09 17:13:28', 'Γαλλίαfrancia', 0),
(104, 'Γερμανία', 'alemania', 9, '2018-10-09 17:20:44', '2018-10-09 17:20:44', 'Γερμανίαalemania', 0),
(105, 'Γουατεμάλα', 'guatemala', 9, '2018-10-09 17:23:09', '2018-10-09 17:23:09', 'Γουατεμάλαguatemala', 0),
(106, 'Δομινικανή Δημοκρατία', 'rep. dominicana', 9, '2018-10-09 17:26:24', '2018-10-09 17:26:24', 'ΔομινικανήΔημοκρατίαrep.dominicana', 0),
(107, 'Ελβετία', 'suiza', 9, '2018-10-09 17:26:30', '2018-10-09 17:26:30', 'Ελβετίαsuiza', 0),
(108, 'Ελλάδα', 'grecia', 9, '2018-10-09 17:26:36', '2018-10-09 17:26:36', 'Ελλάδαgrecia', 0),
(109, 'Ηνωμένες Πολιτείες της Αμερικής', 'eeuu', 9, '2018-10-09 17:26:43', '2018-10-09 17:26:43', 'ΗνωμένεςΠολιτείεςτηςΑμερικήςeeuu', 0),
(110, 'Ιαπωνία', 'japon', 9, '2018-10-09 17:26:55', '2018-10-09 17:26:55', 'Ιαπωνίαjapon', 0),
(111, 'Ινδία', 'india', 9, '2018-10-09 17:27:01', '2018-10-09 17:27:01', 'Ινδίαindia', 0),
(112, 'Ιρλανδία', 'irlanda', 9, '2018-10-09 17:27:09', '2018-10-09 17:27:09', 'Ιρλανδίαirlanda', 0),
(113, 'Ισλανδία', 'islandia', 9, '2018-10-09 17:27:18', '2018-10-09 17:27:18', 'Ισλανδίαislandia', 0),
(114, 'Ισπανία', 'españa', 9, '2018-10-09 17:27:25', '2018-10-09 17:27:25', 'Ισπανίαespaña', 0),
(115, 'Ιταλία', 'italia', 9, '2018-10-09 17:30:31', '2018-10-09 17:30:31', 'Ιταλίαitalia', 0),
(116, 'Κίνα', 'china', 9, '2018-10-09 17:30:39', '2018-10-09 17:30:39', 'Κίναchina', 0),
(117, 'Κολομβία', 'colombia', 9, '2018-10-09 17:30:45', '2018-10-09 17:30:45', 'Κολομβίαcolombia', 0),
(118, 'Κόστα Ρίκα', 'costa rica', 9, '2018-10-09 17:30:53', '2018-10-09 17:30:53', 'ΚόσταΡίκαcostarica', 0),
(119, 'Κούβα', 'cuba', 9, '2018-10-09 17:31:06', '2018-10-09 17:31:06', 'Κούβαcuba', 0),
(120, 'Κροατία', 'croacia', 9, '2018-10-09 17:31:16', '2018-10-09 17:31:16', 'Κροατίαcroacia', 0),
(121, 'Κύπρος', 'chipre', 9, '2018-10-09 17:31:29', '2018-10-09 17:31:29', 'Κύπροςchipre', 0),
(122, 'Νέα Ζηλανδία', 'nueva zelanda', 9, '2018-10-09 17:31:39', '2018-10-09 17:31:39', 'ΝέαΖηλανδίαnuevazelanda', 0),
(123, 'Νιγηρία', 'nigeria', 9, '2018-10-09 17:31:48', '2018-10-09 17:31:48', 'Νιγηρίαnigeria', 0),
(124, 'Νικαράγουα', 'nicaragua', 9, '2018-10-09 17:31:56', '2018-10-09 17:31:56', 'Νικαράγουαnicaragua', 0),
(125, 'Νορβηγία', 'noruega', 9, '2018-10-09 17:33:43', '2018-10-09 17:33:43', 'Νορβηγίαnoruega', 0),
(126, 'Ονδούρα', 'honduras', 9, '2018-10-09 17:33:51', '2018-10-09 17:33:51', 'Ονδούραhonduras', 0),
(127, 'Ουαλία', 'gales', 9, '2018-10-09 17:33:58', '2018-10-09 17:33:58', 'Ουαλίαgales', 0),
(128, 'Ουκρανία', 'ukrania', 9, '2018-10-09 17:34:04', '2018-10-09 17:34:04', 'Ουκρανίαukrania', 0),
(129, 'Ουρουγουάη', 'uruguay', 9, '2018-10-09 17:34:13', '2018-10-09 17:34:13', 'Ουρουγουάηuruguay', 0),
(130, 'Παραγουάη', 'paraguay', 9, '2018-10-09 17:34:21', '2018-10-09 17:34:21', 'Παραγουάηparaguay', 0),
(131, 'Πολωνία', 'polonia', 9, '2018-10-09 17:34:27', '2018-10-09 17:34:27', 'Πολωνίαpolonia', 0),
(132, 'Πορτογαλία', 'portugal', 9, '2018-10-09 17:34:37', '2018-10-09 17:34:37', 'Πορτογαλίαportugal', 0),
(133, 'Ρουμανία', 'rumania', 9, '2018-10-09 17:34:44', '2018-10-09 17:34:44', 'Ρουμανίαrumania', 0),
(134, 'Ρωσία', 'rusia', 9, '2018-10-09 17:34:52', '2018-10-09 17:34:52', 'Ρωσίαrusia', 0),
(135, 'Σκωτία', 'escocia', 9, '2018-10-09 17:35:44', '2018-10-09 17:35:44', 'Σκωτίαescocia', 0),
(136, 'Σουηδία', 'suecia', 9, '2018-10-09 17:35:53', '2018-10-09 17:35:53', 'Σουηδίαsuecia', 0),
(137, 'Τουρκία', 'turquia', 9, '2018-10-09 17:36:01', '2018-10-09 17:36:01', 'Τουρκίαturquia', 0),
(138, 'Φινλανδία', 'finlandia', 9, '2018-10-09 17:36:11', '2018-10-09 17:36:11', 'Φινλανδίαfinlandia', 0),
(139, 'Χιλή', 'chile', 9, '2018-10-09 17:36:17', '2018-10-09 17:36:17', 'Χιλήchile', 0),
(140, 'Βέλγιο', 'belgica', 9, '2018-10-09 17:37:33', '2018-10-09 17:37:33', 'Βέλγιοbelgica', 0),
(141, 'Εκουαδόρ', 'ecuador', 9, '2018-10-09 17:37:39', '2018-10-09 17:37:39', 'Εκουαδόρecuador', 0),
(142, 'Ελ Σαλβαδόρ', 'el salvador', 9, '2018-10-09 17:37:47', '2018-10-09 17:37:47', 'ΕλΣαλβαδόρelsalvador', 0),
(143, 'Ηνωμένο Βασίλειο', 'reino unido', 9, '2018-10-09 17:38:01', '2018-10-09 17:38:01', 'ΗνωμένοΒασίλειοreinounido', 0),
(144, 'Ισραήλ', 'israel', 9, '2018-10-09 17:38:11', '2018-10-09 17:38:11', 'Ισραήλisrael', 0),
(145, 'Μαρόκο', 'marruecos', 9, '2018-10-09 17:38:52', '2018-10-09 17:38:52', 'Μαρόκοmarruecos', 0),
(146, 'Μεξικό', 'mexico', 9, '2018-10-09 17:38:59', '2018-10-09 17:38:59', 'Μεξικόmexico', 0),
(147, 'Περού', 'peru', 9, '2018-10-09 17:39:04', '2018-10-09 17:39:04', 'Περούperu', 0),
(148, 'Πουέρτο Ρίκο', 'puerto rico', 9, '2018-10-09 17:39:15', '2018-10-09 17:39:15', 'ΠουέρτοΡίκοpuertorico', 0),
(149, 'Τι σπουδάζεις/σπουδάζετε;', '¿qué estudias/estudia?', 10, '2018-10-11 19:13:32', '2019-01-26 19:48:42', 'Τισπουδάζεις/σπουδάζετε;¿quéestudias/estudia?', 1),
(150, 'Σπουδάζω Οικονομικά', 'estudio economía', 10, '2018-10-11 19:14:30', '2018-10-11 19:14:30', 'ΣπουδάζωΟικονομικάestudioeconomía', 0),
(151, 'Σπουδάζω Ιστορία', 'estudio historia', 10, '2018-10-11 19:14:56', '2018-10-11 19:14:56', 'ΣπουδάζωΙστορίαestudiohistoria', 0),
(152, 'Σπουδάζω Αρχιτεκτονική', 'estudio arquitectura', 10, '2018-10-11 19:15:28', '2018-10-11 19:15:28', 'ΣπουδάζωΑρχιτεκτονικήestudioarquitectura', 0),
(153, 'Είμαι φυσικοθεραπευτής', 'soy fisioterapeuta', 10, '2018-10-11 20:59:03', '2018-10-11 20:59:03', 'Είμαιφυσικοθεραπευτήςsoyfisioterapeuta', 0),
(154, 'Είμαι οδοντίατρος', 'soy dentista', 10, '2018-10-11 20:59:32', '2018-10-11 20:59:32', 'Είμαιοδοντίατροςsoydentista', 0),
(155, 'Δουλεύω ως γραμματέας', 'trabajo como secretario/a', 10, '2018-10-11 21:00:34', '2018-10-11 21:00:34', 'Δουλεύωωςγραμματέαςtrabajocomosecretario/a', 0),
(156, 'Δουλεύω ως αστυνομικός', 'trabajo como policía', 10, '2018-10-11 21:01:13', '2019-01-26 20:11:26', 'Δουλεύωωςαστυνομικόςtrabajocomopolicía', 1),
(157, 'Δουλεύω ως ηλεκτρολόγος', 'trabajo como electricista', 10, '2018-10-11 21:02:02', '2018-10-11 21:02:02', 'Δουλεύωωςηλεκτρολόγοςtrabajocomoelectricista', 0),
(158, 'Τι δουλειά κάνεις/κάνετε;', '¿qué trabajo haces/hace?', 10, '2018-10-11 21:08:16', '2019-01-28 16:14:14', 'Τιδουλειάκάνεις/κάνετε;¿quétrabajohaces/hace?', 1),
(159, 'ψαχνω δουλεια', 'busco trabajo', 10, '2018-10-11 21:29:23', '2019-01-26 19:49:53', 'ψαχνωδουλειαbuscotrabajo', 1),
(160, 'δεν εχω δουλεια', 'no tengo trabajo', 10, '2018-10-11 21:30:26', '2019-01-26 19:49:48', 'δενεχωδουλειαnotengotrabajo', 1),
(165, 'Αρχιτεκτονική', 'arquitectura', 11, '2018-10-17 18:03:08', '2018-10-17 18:03:08', 'Αρχιτεκτονικήarquitectura', 0),
(166, 'Καλές Τέχνες', 'bellas artes', 11, '2018-10-17 18:03:33', '2018-10-17 18:03:33', 'ΚαλέςΤέχνεςbellasartes', 0),
(167, 'Βιολογία', 'biología', 11, '2018-10-17 18:04:03', '2018-10-17 18:04:03', 'Βιολογίαbiología', 0),
(168, 'Νομική', 'derecho', 11, '2018-10-17 18:04:24', '2018-10-17 18:04:24', 'Νομικήderecho', 0),
(169, 'Τεχνικό σχέδιο', 'dibujo técnico', 11, '2018-10-17 18:04:56', '2018-10-17 18:04:56', 'Τεχνικόσχέδιοdibujotécnico', 0),
(170, 'Σχεδιασμό Εσωτερικού Χώρου', 'diseño de interiores', 11, '2018-10-17 18:05:23', '2018-10-17 18:05:23', 'ΣχεδιασμόΕσωτερικούΧώρουdiseñodeinteriores', 0),
(171, 'Οικονομικά', 'economía', 11, '2018-10-17 18:05:52', '2018-10-17 18:05:52', 'Οικονομικάeconomía', 0),
(172, 'Φυσική αγωγή', 'educación física', 11, '2018-10-17 18:06:22', '2018-10-17 18:06:22', 'Φυσικήαγωγήeducaciónfísica', 0),
(173, 'Προσχολική αγωγή', 'educación infantil', 11, '2018-10-17 18:07:06', '2018-10-17 18:07:06', 'Προσχολικήαγωγήeducacióninfantil', 0),
(174, 'Δημοτική εκπαίδευση', 'educación primaria', 11, '2018-10-17 18:07:33', '2018-10-17 18:07:33', 'Δημοτικήεκπαίδευσηeducaciónprimaria', 0),
(175, 'Γαλλική φιλολογία', 'filología francesa', 11, '2018-10-17 18:07:55', '2018-10-17 18:07:55', 'Γαλλικήφιλολογίαfilologíafrancesa', 0),
(176, 'Ισπανική φιλολογία', 'filología hispánica', 11, '2018-10-17 18:08:16', '2018-10-17 18:08:16', 'Ισπανικήφιλολογίαfilologíahispánica', 0),
(177, 'Αγγλική φιλολογία', 'filología inglesa', 11, '2018-10-17 18:08:33', '2018-10-17 18:08:33', 'Αγγλικήφιλολογίαfilologíainglesa', 0),
(178, 'Φιλοσοφία', 'filosofía', 11, '2018-10-17 18:09:05', '2018-10-17 18:09:05', 'Φιλοσοφίαfilosofía', 0),
(179, 'Φυσική', 'física', 11, '2018-10-17 18:09:26', '2018-10-17 18:09:26', 'Φυσικήfísica', 0),
(180, 'Γεωγραφία', 'geografía', 11, '2018-10-17 18:09:45', '2018-10-17 18:09:45', 'Γεωγραφίαgeografía', 0),
(181, 'Αρχαία Ελληνικά', 'griego clásico', 11, '2018-10-17 18:10:10', '2018-10-17 18:10:10', 'ΑρχαίαΕλληνικάgriegoclásico', 0),
(182, 'Ιστορία της Τέχνης', 'historia del arte', 11, '2018-10-17 18:10:34', '2018-10-17 18:10:34', 'ΙστορίατηςΤέχνηςhistoriadelarte', 0),
(183, 'Ιστορία', 'historia', 11, '2018-10-17 18:10:51', '2018-10-17 18:10:51', 'Ιστορίαhistoria', 0),
(184, 'Μηχανικός υπολογιστών', 'ingeniería informática', 11, '2018-10-17 18:11:12', '2018-10-17 18:11:12', 'Μηχανικόςυπολογιστώνingenieríainformática', 0),
(185, 'Λατινικά', 'latín', 11, '2018-10-17 18:11:32', '2018-10-17 18:11:32', 'Λατινικάlatín', 0),
(186, 'Λογοτεχνία', 'literatura', 11, '2018-10-17 18:11:50', '2018-10-17 18:11:50', 'Λογοτεχνίαliteratura', 0),
(187, 'Μαθηματικά', 'matemáticas', 11, '2018-10-17 18:12:11', '2018-10-17 18:12:11', 'Μαθηματικάmatemáticas', 0),
(188, 'Ιατρική', 'medicina', 11, '2018-10-17 18:12:28', '2018-10-17 18:12:28', 'Ιατρικήmedicina', 0),
(189, 'Δημοσιογραφία', 'periodismo', 11, '2018-10-17 18:12:48', '2018-10-17 18:12:48', 'Δημοσιογραφίαperiodismo', 0),
(190, 'Ψυχολογία', 'psicología', 11, '2018-10-17 18:13:08', '2018-10-17 18:13:08', 'Ψυχολογίαpsicología', 0),
(191, 'Χημεία', 'química', 11, '2018-10-17 18:13:29', '2018-10-17 18:13:29', 'Χημείαquímica', 0),
(192, 'Τηλεπικοινωνίες', 'telecomunicaciones', 11, '2018-10-17 18:13:46', '2018-10-17 18:13:46', 'Τηλεπικοινωνίεςtelecomunicaciones', 0),
(193, 'Δικηγόρος', 'abogado/a', 11, '2018-10-17 18:25:29', '2018-10-17 18:25:29', 'Δικηγόροςabogado/a', 0),
(194, 'Αστροναύτης/Αστροναύτισσα', 'astronauta', 11, '2018-10-17 18:27:03', '2018-10-17 18:27:03', 'Αστροναύτης/Αστροναύτισσαastronauta', 0),
(195, 'Αεροσυνοδός', 'azafato/a de vuelo', 11, '2018-10-17 18:27:30', '2018-10-17 18:27:30', 'Αεροσυνοδόςazafato/adevuelo', 0),
(196, 'Κουρέας', 'barbero', 11, '2018-10-17 18:27:50', '2018-10-17 18:27:50', 'Κουρέαςbarbero', 0),
(197, 'Πυροσβέστης/Πυροσβέστρια', 'bombero/a', 11, '2018-10-17 18:28:21', '2018-10-17 18:28:21', 'Πυροσβέστης/Πυροσβέστριαbombero/a', 0),
(198, 'Πυγμάχος', 'boxeador/a', 11, '2018-10-17 18:28:43', '2018-10-17 18:28:43', 'Πυγμάχοςboxeador/a', 0),
(199, 'Κρεοπώλης/Κρεοπώλισσα', 'carnicero/a', 11, '2018-10-17 18:29:07', '2018-10-17 18:29:07', 'Κρεοπώλης/Κρεοπώλισσαcarnicero/a', 0),
(200, 'Επιπλοποιός', 'carpintero/a', 11, '2018-10-17 18:29:26', '2018-10-17 18:29:26', 'Επιπλοποιόςcarpintero/a', 0),
(201, 'Μάγειρας/Μαγείρισσα', 'cocinero/a', 11, '2018-10-17 18:29:51', '2018-10-17 18:29:51', 'Μάγειρας/Μαγείρισσαcocinero/a', 0),
(202, 'Οδοντίατρος', 'dentista', 11, '2018-10-17 18:40:54', '2018-10-17 18:40:54', 'Οδοντίατροςdentista', 0),
(203, 'Γιατρός', 'doctor/a, médico', 11, '2018-10-17 18:41:16', '2018-10-17 18:41:16', 'Γιατρόςdoctor/a,médico', 0),
(204, 'Ηλεκτρολόγος', 'electricista', 11, '2018-10-17 18:41:48', '2018-10-17 18:41:48', 'Ηλεκτρολόγοςelectricista', 0),
(205, 'Ποδοσφαιριστής/Ποδοσφαιρίστρια', 'futbolista', 11, '2018-10-17 18:42:14', '2018-10-17 18:42:14', 'Ποδοσφαιριστής/Ποδοσφαιρίστριαfutbolista', 0),
(206, 'Μηχανικός', 'ingeniero/a', 11, '2018-10-17 18:42:59', '2018-10-17 18:42:59', 'Μηχανικόςingeniero/a', 0),
(207, 'Κηπουρός', 'jardinero/a', 11, '2018-10-17 18:43:23', '2018-10-17 18:43:23', 'Κηπουρόςjardinero/a', 0),
(208, 'Δικαστής/Δικαστίνα', 'juez/a', 11, '2018-10-17 18:43:43', '2018-10-17 18:43:43', 'Δικαστής/Δικαστίναjuez/a', 0),
(209, 'Καθαριστής/Καθαρίστρια', 'limpiador/a', 11, '2018-10-17 18:44:04', '2018-10-17 18:44:04', 'Καθαριστής/Καθαρίστριαlimpiador/a', 0),
(210, 'Δάσκαλος/Δασκάλα', 'maestro/a', 11, '2018-10-17 18:44:27', '2018-10-17 18:44:27', 'Δάσκαλος/Δασκάλαmaestro/a', 0),
(211, 'Μηχανικός αυτοκινήτων', 'mecánico/a de coches', 11, '2018-10-17 18:45:18', '2018-10-17 18:45:18', 'Μηχανικόςαυτοκινήτωνmecánico/adecoches', 0),
(212, 'Μουσικός', 'músico/a', 11, '2018-10-17 18:45:42', '2018-10-17 18:45:42', 'Μουσικόςmúsico/a', 0),
(213, 'Δημοσιογράφος', 'periodista', 11, '2018-10-17 18:46:00', '2018-10-17 18:46:00', 'Δημοσιογράφοςperiodista', 0),
(214, 'Ζωγράφος', 'pintor/a', 11, '2018-10-17 18:46:26', '2018-10-17 18:46:26', 'Ζωγράφοςpintor/a', 0),
(215, 'Αστυνομικός', 'policía', 11, '2018-10-17 18:46:51', '2018-10-17 18:46:51', 'Αστυνομικόςpolicía', 0),
(216, 'Καθηγητής/Καθηγήτρια', 'profesor/a', 11, '2018-10-17 18:47:13', '2018-10-17 18:47:13', 'Καθηγητής/Καθηγήτριαprofesor/a', 0),
(217, 'Γραμματέας', 'secretario/a', 11, '2018-10-17 18:47:31', '2018-10-17 18:47:31', 'Γραμματέαςsecretario/a', 0),
(218, 'Μεταφραστής/Μεταφράστρια', 'traductor/a', 11, '2018-10-17 18:47:53', '2018-10-17 18:47:53', 'Μεταφραστής/Μεταφράστριαtraductor/a', 0),
(219, 'Πωλητής/Πωλήτρια', 'vendedor/a', 11, '2018-10-17 18:48:14', '2018-10-17 18:48:14', 'Πωλητής/Πωλήτριαvendedor/a', 0),
(220, 'Προγραμματιστής Λογισμικού', 'programador de software', 11, '2018-10-17 18:52:45', '2018-10-17 18:52:45', 'ΠρογραμματιστήςΛογισμικούprogramadordesoftware', 0),
(221, 'Προγραμματιστής', 'programador', 11, '2018-10-17 18:53:31', '2018-10-17 18:53:31', 'Προγραμματιστήςprogramador', 0),
(222, 'Ποιες γλώσσες μιλάς/μιλάτε;', '¿qué idiomas hablas?)', 12, '2018-12-02 19:11:04', '2019-01-28 16:11:45', 'Ποιεςγλώσσεςμιλάς/μιλάτε;¿quéidiomashablas?)', 1),
(223, 'Πόσες γλώσσες μιλάς/μιλάτε;', '¿cuántos idiomas hablas?', 12, '2018-12-02 19:11:33', '2019-01-28 16:12:13', 'Πόσεςγλώσσεςμιλάς/μιλάτε;¿cuántosidiomashablas?', 1),
(224, 'Μιλάω Ισπανικά', 'hablo español', 12, '2018-12-02 19:12:12', '2019-01-28 16:12:16', 'ΜιλάωΙσπανικάhabloespañol', 1),
(225, 'Μιλάω Αραβικά', 'hablo árabe', 12, '2018-12-02 19:12:44', '2018-12-02 19:12:44', 'ΜιλάωΑραβικάhabloárabe', 0),
(226, 'Μιλάω Αγγλικά', 'hablo inglés', 12, '2018-12-02 19:13:09', '2018-12-02 19:13:09', 'ΜιλάωΑγγλικάhabloinglés', 0),
(227, 'Μιλάω λίγο Ελληνικά', 'hablo un poco de griego', 12, '2018-12-02 19:13:58', '2018-12-02 19:13:58', 'ΜιλάωλίγοΕλληνικάhablounpocodegriego', 0),
(228, 'Μιλάω Ρωσικά και λίγο Εβραϊκά', 'hablo ruso y un poco de hebreo', 12, '2018-12-02 19:14:21', '2018-12-02 19:14:21', 'ΜιλάωΡωσικάκαιλίγοΕβραϊκάhablorusoyunpocodehebreo', 0),
(229, 'Μιλάω λίγο Ιταλικά και λίγο Αγγλικά', 'hablo un poco de italiano y un poco de inglés', 12, '2018-12-02 19:14:58', '2019-01-28 16:12:57', 'ΜιλάωλίγοΙταλικάκαιλίγοΑγγλικάhablounpocodeitalianoyunpocodeinglés', 1),
(230, 'Μαθαίνω Γαλλικά', 'aprendo francés', 12, '2018-12-02 19:15:33', '2018-12-02 19:15:33', 'ΜαθαίνωΓαλλικάaprendofrancés', 0),
(231, 'Μαθαίνω Τουρκικά', 'aprendo turco', 12, '2018-12-02 19:16:03', '2018-12-02 19:16:03', 'ΜαθαίνωΤουρκικάaprendoturco', 0),
(232, 'Μαθαίνω Ελληνικά και Γερμανικά', 'aprendo griego y alemán', 12, '2018-12-02 19:16:38', '2019-01-28 16:12:50', 'ΜαθαίνωΕλληνικάκαιΓερμανικάaprendogriegoyalemán', 1),
(233, 'εγώ', 'yo', 13, '2019-01-28 18:35:47', '2019-01-28 18:35:47', 'εγώyo', 0),
(234, 'εσύ', 'tu', 13, '2019-01-28 18:36:01', '2019-01-28 18:36:01', 'εσύtu', 0),
(235, 'αυτός', 'el', 13, '2019-01-28 18:36:18', '2019-01-28 18:36:18', 'αυτόςel', 0),
(236, 'αυτή', 'ella', 13, '2019-01-28 18:36:29', '2019-01-28 18:36:29', 'αυτήella', 0),
(237, 'αυτό', 'eso - neutro', 13, '2019-01-28 18:36:54', '2019-01-28 18:36:54', 'αυτόeso-neutro', 0),
(238, 'εμείς', 'nosotros', 13, '2019-01-28 18:37:22', '2019-01-28 18:37:22', 'εμείςnosotros', 0),
(239, 'εσείς', 'ustedes/usted', 13, '2019-01-28 18:37:54', '2019-01-28 18:37:54', 'εσείςustedes/usted', 0),
(240, 'αυτοί', 'ellos', 13, '2019-01-28 18:38:10', '2019-01-28 18:38:10', 'αυτοίellos', 0),
(241, 'αυτές', 'ellas', 13, '2019-01-28 18:38:22', '2019-01-28 18:38:22', 'αυτέςellas', 0),
(242, 'αυτά', 'eso - plural', 13, '2019-01-28 18:38:46', '2019-01-28 18:38:46', 'αυτάeso-plural', 0),
(243, 'είμαι', 'soy', 14, '2019-01-29 18:08:17', '2019-01-29 18:08:17', 'είμαιsoy', 0),
(244, 'είσαι', 'eres/estas', 14, '2019-01-29 18:08:42', '2019-01-29 18:08:42', 'είσαιeres/estas', 0),
(245, 'είναι', 'es/son/esta/estan', 14, '2019-01-29 18:09:24', '2019-01-29 18:09:24', 'είναιes/son/esta/estan', 0),
(246, 'είμαστε', 'somos/estamos', 14, '2019-01-29 18:10:08', '2019-01-29 18:10:08', 'είμαστεsomos/estamos', 0),
(247, 'είστε/είσαστε', 'son/estan (uds)', 14, '2019-01-29 18:11:08', '2019-01-29 18:11:08', 'είστε/είσαστεson/estan(uds)', 0),
(248, 'Δεν είμαστε καλά!', '¡no estamos bien!', 14, '2019-01-29 18:11:49', '2019-01-29 18:11:49', 'Δενείμαστεκαλά!¡noestamosbien!', 0),
(249, 'Είστε στην Μαδρίτη;', '¿estáis en madrid? o ¿está usted en madrid?', 14, '2019-01-29 18:12:21', '2019-01-29 18:12:21', 'ΕίστεστηνΜαδρίτη;¿estáisenmadrid?o¿estáustedenmadrid?', 0),
(250, 'Αυτός είναι ο Αλέξανδρος, είναι από την Ελλάδα', 'Él es alejandro, es de grecia', 14, '2019-01-29 18:12:49', '2019-01-29 18:12:49', 'ΑυτόςείναιοΑλέξανδρος,είναιαπότηνΕλλάδαÉlesalejandro,esdegrecia', 0),
(251, 'Είναι εδώ', 'está aquí', 14, '2019-01-29 18:13:22', '2019-01-29 18:13:22', 'Είναιεδώestáaquí', 0),
(252, 'Από πού είναι αυτός;', '¿de dónde es él?', 14, '2019-01-29 18:13:46', '2019-01-29 18:13:46', 'Απόπούείναιαυτός;¿dedóndeesél?', 0),
(253, 'είμαι από την Ιταλία, μένω στη Ρώμη.', 'soy de italia, vivo en roma', 14, '2019-01-29 18:22:05', '2019-01-29 18:22:05', 'είμαιαπότηνΙταλία,μένωστηΡώμη.soydeitalia,vivoenroma', 0),
(254, 'Ο Γιάννης  είναι  δημοσιογράφος.', 'giannis es periodista', 14, '2019-01-29 18:23:30', '2019-01-29 18:23:30', 'ΟΓιάννηςείναιδημοσιογράφος.giannisesperiodista', 0),
(255, 'Αυτή  είναι  η Μαρία,  είναι  δασκάλα.', 'ella es maria, es maestra', 14, '2019-01-29 18:24:30', '2019-01-29 18:24:30', 'ΑυτήείναιηΜαρία,είναιδασκάλα.ellaesmaria,esmaestra', 0),
(256, 'Είστε/Είσαστε καλά, κύριε;', 'estan bien, señor', 14, '2019-01-29 18:25:04', '2019-01-29 18:25:04', 'Είστε/Είσαστεκαλά,κύριε;estanbien,señor', 0),
(257, 'Από πού  είναι  αυτές;', 'de donde son ellas', 14, '2019-01-29 18:25:38', '2019-01-29 18:25:38', 'Απόπούείναιαυτές;dedondesonellas', 0),
(258, 'Ο Μιχάλης και εγώ  είμαστε  από την Κύπρο', 'mijaly y yo somos de chipre', 14, '2019-01-29 18:26:34', '2019-01-29 18:26:34', 'ΟΜιχάληςκαιεγώείμαστεαπότηνΚύπροmijalyyyosomosdechipre', 0),
(259, 'Ο', 'él (masculino)', 15, '2019-01-30 17:26:12', '2019-01-30 17:26:12', 'Οél(masculino)', 0),
(260, 'Η', 'la (art. fem.)', 15, '2019-01-30 17:26:35', '2019-01-30 17:26:35', 'Ηla(art.fem.)', 0),
(261, 'Το', 'el (art. neutro)', 15, '2019-01-30 17:27:16', '2019-01-30 17:27:16', 'Τοel(art.neutro)', 0),
(262, 'Οι', 'los', 15, '2019-01-30 17:27:33', '2019-01-30 17:27:33', 'Οιlos', 0),
(263, 'Οι', 'las', 15, '2019-01-30 17:27:46', '2019-01-30 17:27:46', 'Οιlas', 0),
(264, 'Τα', 'los/las (neutro)', 15, '2019-01-30 17:28:45', '2019-01-30 17:28:45', 'Ταlos/las(neutro)', 0),
(265, 'Ο δάσκαλος', 'el maestro', 15, '2019-01-30 17:29:48', '2019-01-30 17:29:48', 'Οδάσκαλοςelmaestro', 0),
(266, 'Η κοπέλα', 'la chica', 15, '2019-01-30 17:31:02', '2019-01-30 17:31:02', 'Ηκοπέλαlachica', 0),
(267, 'Οι δάσκαλοι', 'los maestros', 15, '2019-01-30 17:30:42', '2019-01-30 17:30:42', 'Οιδάσκαλοιlosmaestros', 0),
(268, 'Οι κοπέλες', 'las chicas', 15, '2019-01-30 17:31:21', '2019-01-30 17:31:21', 'Οικοπέλεςlaschicas', 0),
(269, 'Το μολύβι', 'el lápiz', 15, '2019-01-30 17:31:43', '2019-01-30 17:31:43', 'Τομολύβιellápiz', 0),
(270, 'Τα μολύβια', 'los lápices', 15, '2019-01-30 17:32:06', '2019-01-30 17:32:06', 'Ταμολύβιαloslápices', 0),
(271, 'Ένας', 'un/uno', 15, '2019-01-30 17:34:30', '2019-01-30 17:34:30', 'Έναςun/uno', 0),
(272, 'Μια', 'una', 15, '2019-01-30 17:34:40', '2019-01-30 17:34:40', 'Μιαuna', 0),
(273, 'Ένα', 'un/uno', 15, '2019-01-30 17:34:58', '2019-01-30 17:34:58', 'Έναun/uno', 0),
(274, 'Ένας δάσκαλος', 'un maestro', 15, '2019-01-30 17:35:30', '2019-01-30 17:35:30', 'Έναςδάσκαλοςunmaestro', 0),
(275, 'Ένα μολύβι', 'un lápiz)', 15, '2019-01-30 17:35:47', '2019-01-30 17:35:47', 'Έναμολύβιunlápiz)', 0),
(276, 'Μια κοπέλα', 'una chica', 15, '2019-01-30 17:35:26', '2019-01-30 17:35:26', 'Μιακοπέλαunachica', 0),
(277, 'Ο   -ας', 'articulo y terminacion de la palabra en singular masculino', 18, '2019-02-04 18:06:24', '2019-02-04 18:06:24', 'Ο-αςarticuloyterminaciondelapalabraensingularmasculino', 0),
(278, 'Ο  -ης', 'articulo y terminacion de la palabra en singular masculino', 18, '2019-02-04 18:06:27', '2019-02-04 18:06:27', 'Ο-ηςarticuloyterminaciondelapalabraensingularmasculino', 0),
(279, 'Ο   -ος', 'articulo y terminacion de la palabra en singular masculino', 18, '2019-02-04 18:06:21', '2019-02-04 18:06:21', 'Ο-οςarticuloyterminaciondelapalabraensingularmasculino', 0),
(280, 'Οι   -οι', 'articulo y terminacion palabra plural masculino', 18, '2019-02-04 18:07:58', '2019-02-04 18:07:58', 'Οι-οιarticuloyterminacionpalabrapluralmasculino', 0),
(281, 'Οι   -ες', 'articulo y terminacion palabra plur', 18, '2019-02-04 18:08:10', '2019-02-04 18:08:10', 'Οι-εςarticuloyterminacionpalabraplur', 0),
(282, 'Οι  -ες', 'articulo y terminacion palabra plural masculino', 18, '2019-02-04 18:08:05', '2019-02-04 18:08:05', 'Οι-εςarticuloyterminacionpalabrapluralmasculino', 0),
(283, 'Ο πελάτης, οι πελάτες', 'el cliente, los clientes', 18, '2019-02-04 18:11:57', '2019-02-04 18:11:57', 'Οπελάτης,οιπελάτεςelcliente,losclientes', 0),
(284, 'O δάσκαλος, οι δάσκαλοι', 'el maestro, los maestros', 18, '2019-02-04 18:12:04', '2019-02-04 18:12:04', 'oδάσκαλος,οιδάσκαλοιelmaestro,losmaestros', 0),
(285, 'Ο Έλληνας, οι Έλληνες', 'el griego, los griegos', 18, '2019-02-04 18:12:00', '2019-02-04 18:12:00', 'ΟΈλληνας,οιΈλληνεςelgriego,losgriegos', 0),
(286, 'Η  -η', 'art. teminacion singular femenino', 18, '2019-02-04 18:13:27', '2019-02-04 18:13:27', 'Η-ηart.teminacionsingularfemenino', 0),
(287, 'Η   -η', 'art. terminacion singular femenino', 18, '2019-02-04 18:13:47', '2019-02-04 18:13:47', 'Η-ηart.terminacionsingularfemenino', 0),
(288, 'Οι   -ες', 'art. terminacion plural femenino', 18, '2019-02-04 18:13:58', '2019-02-04 18:13:58', 'Οι-εςart.terminacionpluralfemenino', 0),
(289, 'Η τιμή, οι τιμές', 'el precio, los precios', 18, '2019-02-04 18:15:27', '2019-02-04 18:15:27', 'Ητιμή,οιτιμέςelprecio,losprecios', 0),
(290, 'Η μητέρα, οι μητέρες', 'la madre, las madres', 18, '2019-02-04 18:15:45', '2019-02-04 18:15:45', 'Ημητέρα,οιμητέρεςlamadre,lasmadres', 0),
(291, 'Το   -ο', 'art. terminacion neutro singular', 18, '2019-02-04 18:18:45', '2019-02-04 18:18:45', 'Το-οart.terminacionneutrosingular', 0),
(292, 'Το   -ι', 'art. terminacion neutro singular', 18, '2019-02-04 18:19:25', '2019-02-04 18:19:25', 'Το-ιart.terminacionneutrosingular', 0),
(293, 'Το   -μα', 'art. terminacion neutro singular', 18, '2019-02-04 18:19:30', '2019-02-04 18:19:30', 'Το-μαart.terminacionneutrosingular', 0),
(294, 'Το εισιτήριο, τα εισιτήρια', 'El ticket, los tickets', 18, '2019-02-04 18:20:19', '2019-02-04 18:20:19', 'Τοεισιτήριο,ταεισιτήριαlacosa,lascosas', 0),
(295, 'Το πουλί, τα πουλιά', 'el pájaro, los pájaros', 18, '2019-02-04 18:21:59', '2019-02-04 18:21:59', 'Τοπουλί,ταπουλιάelpájaro,lospájaros', 0),
(296, 'Το πράγμα, τα πράγματα', 'la cosa, las cosas', 18, '2019-02-04 18:22:13', '2019-02-04 18:22:13', 'Τοπράγμα,ταπράγματαlacosa,lascosas', 0),
(297, 'Η γατούλα', 'el gatito', 18, '2019-02-04 18:27:07', '2019-02-04 18:27:07', 'Ηγατούλαelgatito', 0),
(298, 'Το κουνέλι', 'el conejo', 18, '2019-02-04 18:27:25', '2019-02-04 18:27:25', 'Τοκουνέλιelconejo', 0),
(299, 'Η χελώνα', 'la tortuga', 18, '2019-02-04 18:28:06', '2019-02-04 18:28:06', 'Ηχελώναlatortuga', 0),
(300, 'Η κιθάρα', 'la guitarra', 18, '2019-02-04 18:28:46', '2019-02-04 18:28:46', 'Ηκιθάραlaguitarra', 0),
(301, 'Οι τραγουδιστές', 'los cantantes', 18, '2019-02-04 18:29:31', '2019-02-04 18:29:31', 'Οιτραγουδιστέςloscantantes', 0),
(302, 'Τα μολύβια', 'los lápices', 18, '2019-02-04 18:31:03', '2019-02-04 18:31:03', 'Ταμολύβιαloslápices', 0),
(303, 'Οι χυμοί', 'los zumos', 18, '2019-02-04 18:31:35', '2019-02-04 18:31:35', 'Οιχυμοίloszumos', 0),
(304, 'Οι μοτοσικλέτες', 'las motocicletas', 18, '2019-02-04 18:32:11', '2019-02-04 18:32:11', 'Οιμοτοσικλέτεςlasmotocicletas', 0),
(305, 'Ο φίλος – Οι φίλοι', 'el amigo - los amigos', 18, '2019-02-04 18:34:20', '2019-02-04 18:34:20', 'Οφίλος–Οιφίλοιelamigo-losamigos', 0),
(306, 'Η κόρη - Οι κόρες', 'la hija - las hijas', 18, '2019-02-04 18:35:46', '2019-02-04 18:35:46', 'Ηκόρη-Οικόρεςlahija-lashijas', 0),
(307, 'Ο μαθητής - Οι μαθητές', 'el alumno - los alumnos', 18, '2019-02-04 18:36:04', '2019-02-04 18:36:04', 'Ομαθητής-Οιμαθητέςelalumno-losalumnos', 0),
(308, 'Ο πατέρας – Οι πατέρες', 'el padre - los padres', 18, '2019-02-04 18:36:22', '2019-02-04 18:36:22', 'Οπατέρας–Οιπατέρεςelpadre-lospadres', 0),
(309, 'Η γαλοπούλα - Οι γαλοπούλες', 'el pavo - los pavos', 18, '2019-02-04 18:37:51', '2019-02-04 18:37:51', 'Ηγαλοπούλα-Οιγαλοπούλεςelpavo-lospavos', 0),
(310, 'Το γλυκό - Τα γλυκά', 'el dulce - los dulces', 18, '2019-02-04 18:38:23', '2019-02-04 18:38:23', 'Τογλυκό-Ταγλυκάeldulce-losdulces', 0),
(311, 'Το γάντι - Τα γάντια', 'el guante - los guantes', 18, '2019-02-04 18:39:04', '2019-02-04 18:39:04', 'Τογάντι-Ταγάντιαelguante-losguantes', 0),
(312, 'Το γράμμα - Το γράμμα', 'la carta - las cartas', 18, '2019-02-04 18:39:44', '2019-02-04 18:39:44', 'Τογράμμα-Τογράμμαlacarta-lascartas', 0),
(313, 'Ο φύλακας - Οι φύλακες', 'el vigilante - los vigilantes', 18, '2019-02-04 18:51:39', '2019-02-04 18:51:39', 'Οφύλακας-Οιφύλακεςelvigilante-losvigilantes', 0),
(314, 'Η μητέρα - Οι μητέρες', 'la madre - las madres', 18, '2019-02-04 18:51:40', '2019-02-04 18:51:40', 'Ημητέρα-Οιμητέρεςlamadre-lasmadres', 0),
(315, 'Ο χάρτης - Οι χάρτες', 'el mapa - los mapas', 18, '2019-02-04 18:51:42', '2019-02-04 18:51:42', 'Οχάρτης-Οιχάρτεςelmapa-losmapas', 0),
(316, 'Η σακούλα - Οι σακούλες', 'la bolsa - las bolsas', 18, '2019-02-04 18:51:43', '2019-02-04 18:51:43', 'Ησακούλα-Οισακούλεςlabolsa-lasbolsas', 0),
(317, 'Το τραπέζι - Τα τραπέζια', 'la mesa - las mesas', 18, '2019-02-04 18:51:46', '2019-02-04 18:51:46', 'Τοτραπέζι-Τατραπέζιαlamesa-lasmesas', 0),
(318, 'Πρώτος/η/ο', 'primero/a', 19, '2019-02-08 19:22:18', '2019-02-08 19:22:18', 'Πρώτος/η/οprimero/a', 0),
(319, 'Δεύτερος/η/ο', 'segundo/a', 19, '2019-02-08 19:22:39', '2019-02-08 19:22:39', 'Δεύτερος/η/οsegundo/a', 0),
(320, 'Τρίτος/η/ο', 'tercero/a', 19, '2019-02-08 19:22:50', '2019-02-08 19:22:50', 'Τρίτος/η/οtercero/a', 0),
(321, 'Τέταρτος/η/ο', 'cuarto/a', 19, '2019-02-08 19:23:01', '2019-02-08 19:23:01', 'Τέταρτος/η/οcuarto/a', 0),
(322, 'Πέμπτος/η/ο', 'quinto/a', 19, '2019-02-08 19:23:11', '2019-02-08 19:23:11', 'Πέμπτος/η/οquinto/a', 0),
(323, 'Έκτος/η/ο', 'sexto/a', 19, '2019-02-08 19:23:19', '2019-02-08 19:23:19', 'Έκτος/η/οsexto/a', 0),
(324, 'Έβδομος/η/ο', 'septimo/a', 19, '2019-02-08 19:23:32', '2019-02-08 19:23:32', 'Έβδομος/η/οseptimo/a', 0),
(325, 'Όγδοος/η/ο', 'octavo/a', 19, '2019-02-08 19:23:41', '2019-02-08 19:23:41', 'Όγδοος/η/οoctavo/a', 0),
(326, 'Ένατος/η/ο', 'noveno/a', 19, '2019-02-08 19:23:50', '2019-02-08 19:23:50', 'Ένατος/η/οnoveno/a', 0),
(327, 'Δέκατος/η/ο', 'decimo/a', 19, '2019-02-08 19:24:13', '2019-02-08 19:24:13', 'Δέκατος/η/οdecimo/a', 0),
(328, 'Ο Πρώτος άνθρωπος', 'la primera persona', 19, '2019-02-08 19:29:50', '2019-02-08 19:29:50', 'ΟΠρώτοςάνθρωποςlaprimerapersona', 0),
(329, 'Η Τρίτοη φορά', 'la tercera vez', 19, '2019-02-08 19:30:08', '2019-02-08 19:30:08', 'ΗΤρίτοηφοράlaterceravez', 0),
(330, 'Το Ένατο παιχνίδι', 'el noveno juego', 19, '2019-02-08 19:30:34', '2019-02-08 19:30:34', 'ΤοΈνατοπαιχνίδιelnovenojuego', 0),
(331, 'Ο Δέκατος πλανήτης', 'el décimo planeta', 19, '2019-02-08 19:30:55', '2019-02-08 19:30:55', 'ΟΔέκατοςπλανήτηςeldécimoplaneta', 0),
(332, 'Ο Έβδομος ουρανός', 'el séptimo cielo', 19, '2019-02-08 19:33:48', '2019-02-08 19:33:48', 'ΟΈβδομοςουρανόςelséptimocielo', 0),
(333, 'Το Έκτο αίνιγμα', 'el sexto enigma', 19, '2019-02-08 19:34:11', '2019-02-08 19:34:11', 'ΤοΈκτοαίνιγμαelsextoenigma', 0),
(334, 'Η Τέταρτη πόρτα', 'la cuarta puerta', 19, '2019-02-08 19:34:43', '2019-02-08 19:34:43', 'ΗΤέταρτηπόρταlacuartapuerta', 0),
(335, 'Το Δεύτερο αυτοκίνητο', 'el segundo coche', 19, '2019-02-08 19:35:14', '2019-02-08 19:35:14', 'ΤοΔεύτεροαυτοκίνητοelsegundocoche', 0),
(336, 'Ο Όγδοος μήνας', 'el octavo mes', 19, '2019-02-08 19:36:48', '2019-02-08 19:36:48', 'ΟΌγδοοςμήναςeloctavomes', 0),
(337, 'Η Πέμπτη ευκαιρία', 'la quinta oportunidad', 19, '2019-02-08 19:36:33', '2019-02-08 19:36:33', 'ΗΠέμπτηευκαιρίαlaquintaoportunidad', 0),
(338, 'Πόσων/Πόσο χρονών είσαι;', 'cuantos años tienes ? (muy formal)', 20, '2019-02-12 16:39:26', '2019-02-12 16:39:26', 'Πόσων/Πόσοχρονώνείσαι;cuantosañostienes?(muyformal)', 0),
(339, 'Τι ηλικία έχεις;', 'cuantos años tienes ? (medio formal)', 20, '2019-02-12 16:39:27', '2019-02-12 16:39:27', 'Τιηλικίαέχεις;cuantosañostienes?(medioformal)', 0),
(340, 'Πόσο είσαι;', 'cuantos años tienes ? (informal)', 20, '2019-02-12 16:39:29', '2019-02-12 16:39:29', 'Πόσοείσαι;cuantosañostienes?(informal)', 0),
(341, 'Είμαι δεκατέσσερα', 'tengo 14', 20, '2019-02-12 16:40:58', '2019-02-12 16:40:58', 'Είμαιδεκατέσσεραtengo14', 0),
(342, 'Είμαι τριάντα δύο', 'tengo 32', 20, '2019-02-12 16:41:07', '2019-02-12 16:41:07', 'Είμαιτριάνταδύοtengo32', 0),
(343, 'Είμαι ογδόντα τρία', 'tengo 83', 20, '2019-02-12 16:41:16', '2019-02-12 16:41:16', 'Είμαιογδόντατρίαtengo83', 0),
(344, 'Είμαι δεκατεσσάρων χρονών', 'tengo 14 años', 20, '2019-02-12 16:44:19', '2019-02-12 16:44:19', 'Είμαιδεκατεσσάρωνχρονώνtengo14años', 0),
(345, 'Είμαι ογδόντα τριών χρονών', 'tengo 83 años', 20, '2019-02-12 16:44:25', '2019-02-12 16:44:25', 'Είμαιογδόντατριώνχρονώνtengo83años', 0),
(346, 'Είμαι + número en genitivo + χρονών (Una forma de responder)', 'Είμαι + número en nominativo (otra forma de responder)', 20, '2019-02-12 16:45:09', '2019-02-12 16:45:09', 'Είμαι+númeroengenitivo+χρονών(unaformaderesponder)Είμαι+númeroennominativo(otraformaderesponder)', 0),
(347, 'Πόσο κάνει αυτό;', '¿cuánto cuesta esto?', 21, '2019-02-14 15:43:52', '2019-02-14 15:43:52', 'Πόσοκάνειαυτό;¿cuántocuestaesto?', 0),
(348, 'Πόσο κοστίζουν αυτά;', '¿cuánto cuestan estas cosas?', 21, '2019-02-14 15:44:11', '2019-02-14 15:44:11', 'Πόσοκοστίζουναυτά;¿cuántocuestanestascosas?', 0),
(349, 'Πόσο κάνουν όλα μαζί;', '¿cuánto cuesta todo junto?', 21, '2019-02-14 15:44:29', '2019-02-14 15:44:29', 'Πόσοκάνουνόλαμαζί;¿cuántocuestatodojunto?', 0),
(350, 'Πόσο κάνει αυτό το βιβλίο;', '¿cuánto cuesta este libro?', 21, '2019-02-14 15:44:47', '2019-02-14 15:44:47', 'Πόσοκάνειαυτότοβιβλίο;¿cuántocuestaestelibro?', 0),
(351, 'Πόσο κοστίζουν τα τετράδια;', '¿cuánto cuestan las libretas?', 21, '2019-02-14 15:45:06', '2019-02-14 15:45:06', 'Πόσοκοστίζουντατετράδια;¿cuántocuestanlaslibretas?', 0),
(352, 'Οι καλύτερες τιμές', 'los mejores precios', 21, '2019-02-14 15:46:51', '2019-02-14 15:46:51', 'Οικαλύτερεςτιμέςlosmejoresprecios', 0),
(353, 'Προσφορές', 'ofertas', 21, '2019-02-14 15:47:22', '2019-02-14 15:47:22', 'Προσφορέςofertas', 0),
(354, 'Τέσσερα και ενενήντα έξι το κιλό', '4,96 el kilo', 21, '2019-02-14 15:48:55', '2019-02-14 15:48:55', 'Τέσσερακαιενενήνταέξιτοκιλό4,96elkilo', 0),
(355, 'Κιμάς', 'carne picada', 4, '2019-02-14 15:50:23', '2019-02-14 15:50:23', 'Κιμάςcarnepicada', 0),
(356, 'δώρο', 'regalo', 21, '2019-02-14 15:50:49', '2019-02-14 15:50:49', 'δώροregalo', 0),
(357, 'Εκατόν είκοσι εννέα ευρώ', '129 euros', 21, '2019-02-14 15:52:42', '2019-02-14 15:52:42', 'Εκατόνείκοσιεννέαευρώ129euros', 0),
(358, 'Εκατόν ενενήντα πέντε ευρώ', '195 euros', 21, '2019-02-14 15:54:13', '2019-02-14 15:54:13', 'Εκατόνενενήνταπέντεευρώ195euros', 0),
(359, 'εκπτωσεις', 'rebajas', 21, '2019-02-14 15:58:30', '2019-02-14 15:58:30', 'εκπτωσειςrebajas', 0),
(360, 'ακριβό', 'caro', 21, '2019-02-14 16:01:05', '2019-02-14 16:01:05', 'ακριβόcaro', 0),
(361, 'φθηνό', 'barato', 21, '2019-02-14 16:01:28', '2019-02-14 16:01:28', 'φθηνόbarato', 0),
(362, 'Τι ώρα είναι;', '¿qué hora es?', 22, '2019-02-18 17:20:14', '2019-02-18 17:20:14', 'Τιώραείναι;¿quéhoraes?', 0),
(363, 'Είναι μία', 'es la una', 22, '2019-02-18 17:22:13', '2019-02-18 17:22:13', 'Είναιμίαeslauna', 0),
(364, 'Είναι τρεις', 'son las tres', 22, '2019-02-18 17:22:37', '2019-02-18 17:22:37', 'Είναιτρειςsonlastres', 0),
(365, 'Είναι τέσσερις', 'son las cuatro', 22, '2019-02-18 17:22:53', '2019-02-18 17:22:53', 'Είναιτέσσεριςsonlascuatro', 0),
(366, 'Είναι δέκα ακριβώς / η ώρα', 'son las 10 en punto', 22, '2019-02-18 17:23:38', '2019-02-18 17:23:38', 'Είναιδέκαακριβώς/ηώραsonlas10enpunto', 0),
(367, 'Είναι εφτά ακριβώς / η ώρα', 'son las 7 en punto', 22, '2019-02-18 17:23:57', '2019-02-18 17:23:57', 'Είναιεφτάακριβώς/ηώραsonlas7enpunto', 0),
(368, 'Είναι τρεις ακριβώς / η ώρα', 'son las 3 en punto', 22, '2019-02-18 17:24:18', '2019-02-18 17:24:18', 'Είναιτρειςακριβώς/ηώραsonlas3enpunto', 0),
(369, 'Είναι δέκα και τέταρτο', '10:15', 22, '2019-02-18 17:26:04', '2019-02-18 17:26:04', 'Είναιδέκακαιτέταρτο10:15', 0),
(370, 'Είναι εφτά και τέταρτο', '7:15 – siete y cuarto', 22, '2019-02-18 17:26:29', '2019-02-18 17:26:29', 'Είναιεφτάκαιτέταρτο7:15–sieteycuarto', 0),
(371, 'Είναι τρεις και τέταρτο', '3:15 – ter y cuarto', 22, '2019-02-18 17:26:48', '2019-02-18 17:26:48', 'Είναιτρειςκαιτέταρτο3:15–terycuarto', 0),
(372, 'Είναι δέκα και μισή', '10:30 – diez y media', 22, '2019-02-18 17:27:15', '2019-02-18 17:27:15', 'Είναιδέκακαιμισή10:30–diezymedia', 0),
(373, 'Είναι εφτά και μισή', '7:30 – siete y media', 22, '2019-02-18 17:27:34', '2019-02-18 17:27:34', 'Είναιεφτάκαιμισή7:30–sieteymedia', 0),
(374, 'Είναι τρεις και μισή', '3:30 – tres y media', 22, '2019-02-18 17:28:09', '2019-02-18 17:28:09', 'Είναιτρειςκαιμισή3:30–tresymedia', 0),
(375, 'Είναι δεκάμισι', '10:30 – diez y media', 22, '2019-02-18 17:29:07', '2019-02-18 17:29:07', 'Είναιδεκάμισι10:30–diezymedia', 0),
(376, 'Είναι εφτάμισι', '7:30 –  siete y media', 22, '2019-02-18 17:29:28', '2019-02-18 17:29:28', 'Είναιεφτάμισι7:30–sieteymedia', 0),
(377, 'Είναι τρεισήμισι', '3:30 – tres y media', 22, '2019-02-18 17:29:43', '2019-02-18 17:29:43', 'Είναιτρεισήμισι3:30–tresymedia', 0),
(378, 'μιάμιση', '1:30 - una y media', 22, '2019-02-18 17:30:23', '2019-02-18 17:30:23', 'μιάμιση1:30-unaymedia', 0),
(380, 'Είναι τέσσερις παρά τέταρτο', 'son las 4 menos cuarto (3.45)', 22, '2019-02-18 17:34:28', '2019-02-18 17:34:28', 'Είναιτέσσεριςπαράτέταρτοsonlas4menoscuarto(3.45)', 0),
(382, 'Είναι έντεκα παρά τέταρτο', 'son las 11 menos cuarto (10.45)', 22, '2019-02-18 17:35:55', '2019-02-18 17:35:55', 'Είναιέντεκαπαράτέταρτοsonlas11menoscuarto(10.45)', 0),
(383, 'Είναι οχτώ παρά τέταρτο', 'son las 8 menos cuarto', 22, '2019-02-18 17:37:21', '2019-02-18 17:37:21', 'Είναιοχτώπαράτέταρτοsonlas8menoscuarto', 0),
(384, 'Είναι ___ το πρωί', 'son las ___ de la mañana', 22, '2019-02-18 17:38:31', '2019-02-18 17:38:31', 'Είναι___τοπρωίsonlas___delamañana', 0),
(385, 'Είναι ___ το μεσημέρι', 'son las ___ del mediodía', 22, '2019-02-18 17:38:53', '2019-02-18 17:38:53', 'Είναι___τομεσημέριsonlas___delmediodía', 0),
(386, 'Είναι ___ το απόγευμα', 'son las ___ de la tarde – hasta las 17h', 22, '2019-02-18 17:39:11', '2019-02-18 17:39:11', 'Είναι___τοαπόγευμαsonlas___delatarde–hastalas17h', 0),
(387, 'Είναι ___ το βράδυ', 'son las ___ de la tarde – hasta el fin del día', 22, '2019-02-18 17:39:29', '2019-02-18 17:39:29', 'Είναι___τοβράδυsonlas___delatarde–hastaelfindeldía', 0),
(388, 'Είναι ___ τη νύχτα', 'son las ___ de la noche', 22, '2019-02-18 17:39:47', '2019-02-18 17:39:47', 'Είναι___τηνύχταsonlas___delanoche', 0),
(389, 'Είναι ___ τα μεσάνυχτα', 'son las ___ de la madrugada', 22, '2019-02-18 17:40:07', '2019-02-18 17:40:07', 'Είναι___ταμεσάνυχταsonlas___delamadrugada', 0),
(390, 'Είναι μια τα μεσάνυχτα', 'es la 1 de la madrugada', 22, '2019-02-18 17:43:45', '2019-02-18 17:43:45', 'Είναιμιαταμεσάνυχταesla1delamadrugada', 0),
(391, 'Είναι εφτά και τέταρτο το πρωί', '7 y cuarto de la mañana', 22, '2019-02-18 17:44:21', '2019-02-18 17:44:21', 'Είναιεφτάκαιτέταρτοτοπρωί7ycuartodelamañana', 0),
(392, 'Είναι δέκα παρά πέντε το πρωί', 'son las 10 menos 5 de la mañana', 22, '2019-02-18 17:45:51', '2019-02-18 17:45:51', 'Είναιδέκαπαράπέντετοπρωίsonlas10menos5delamañana', 0),
(393, 'Είναι δώδεκα το μεσημέρι', 'son las 12 del medio dia', 22, '2019-02-18 17:47:32', '2019-02-18 17:47:32', 'Είναιδώδεκατομεσημέριsonlas12delmediodia', 0),
(394, 'Είναι τρεις το απόγευμα', 'son las 3 de la tarde', 22, '2019-02-18 17:48:25', '2019-02-18 17:48:25', 'Είναιτρειςτοαπόγευμαsonlas3delatarde', 0),
(395, 'Είναι οχτώ παρά τέταρτο το βράδυ', 'son las 8 menos cuarto de la noche', 22, '2019-02-18 17:49:21', '2019-02-18 17:49:21', 'Είναιοχτώπαράτέταρτοτοβράδυsonlas8menoscuartodelanoche', 0),
(396, 'Είναι έντεκα και μισή την νύχτα', 'son las 11 y media de la noche', 22, '2019-02-18 17:50:07', '2019-02-18 17:50:07', 'Είναιέντεκακαιμισήτηννύχταsonlas11ymediadelanoche', 0),
(397, 'Κυριακή', 'domingo', 23, '2019-02-19 17:17:03', '2019-02-19 17:17:03', 'Κυριακήdomingo', 0),
(398, 'Σάββατο', 'sabado', 23, '2019-02-19 17:17:11', '2019-02-19 17:17:11', 'Σάββατοsabado', 0),
(399, 'Παρασκευή', 'viernes', 23, '2019-02-19 17:17:21', '2019-02-19 17:17:21', 'Παρασκευήviernes', 0),
(400, 'Πέμπτη', 'jueves', 23, '2019-02-19 17:17:39', '2019-02-19 17:17:39', 'Πέμπτηjueves', 0),
(401, 'Τετάρτη', 'miercoles', 23, '2019-02-19 17:17:52', '2019-02-19 17:17:52', 'Τετάρτηmiercoles', 0),
(402, 'Τρίτη', 'martes', 23, '2019-02-19 17:18:01', '2019-02-19 17:18:01', 'Τρίτηmartes', 0),
(403, 'Δευτέρα', 'lunes', 23, '2019-02-19 17:18:08', '2019-02-19 17:18:08', 'Δευτέραlunes', 0),
(404, 'Το Σαββατοκύριακο', 'fin de semana', 23, '2019-02-19 17:18:36', '2019-02-19 17:18:36', 'ΤοΣαββατοκύριακοfindesemana', 0),
(405, 'Ιανουάριος', 'enero', 23, '2019-02-19 17:20:04', '2019-02-19 17:20:04', 'Ιανουάριοςenero', 0),
(406, 'Φεβρουάριος', 'febrero', 23, '2019-02-19 17:20:23', '2019-02-19 17:20:23', 'Φεβρουάριοςfebrero', 0),
(407, 'Μάρτιος', 'marzo', 23, '2019-02-19 17:20:34', '2019-02-19 17:20:34', 'Μάρτιοςmarzo', 0),
(408, 'Απρίλιος', 'abril', 23, '2019-02-19 17:20:46', '2019-02-19 17:20:46', 'Απρίλιοςabril', 0),
(409, 'Μάιος', 'mayo', 23, '2019-02-19 17:20:57', '2019-02-19 17:20:57', 'Μάιοςmayo', 0),
(410, 'Ιούνιος', 'junio', 23, '2019-02-19 17:21:09', '2019-02-19 17:21:09', 'Ιούνιοςjunio', 0),
(411, 'Ιούλιος', 'julio', 23, '2019-02-19 17:21:22', '2019-02-19 17:21:22', 'Ιούλιοςjulio', 0),
(412, 'Άυγουστος', 'agosto', 23, '2019-02-19 17:21:33', '2019-02-19 17:21:33', 'Άυγουστοςagosto', 0),
(413, 'Σεπτέμβριος', 'septiembre', 23, '2019-02-19 17:21:45', '2019-02-19 17:21:45', 'Σεπτέμβριοςseptiembre', 0);
INSERT INTO `griegos` (`id`, `palabra`, `significado`, `id_categoria`, `created_at`, `updated_at`, `slug`, `favorita`) VALUES
(414, 'Οκτώβριος', 'octubre', 23, '2019-02-19 17:22:00', '2019-02-19 17:22:00', 'Οκτώβριοςoctubre', 0),
(415, 'Νοέμβριος', 'noviembre', 23, '2019-02-19 17:22:12', '2019-02-19 17:22:12', 'Νοέμβριοςnoviembre', 0),
(416, 'Δεκέμβριος', 'diciembre', 23, '2019-02-19 17:22:22', '2019-02-19 17:22:22', 'Δεκέμβριοςdiciembre', 0),
(417, 'Θα σου γράψω την Παρασκευή', 'te escribiré el viernes', 23, '2019-02-19 17:24:26', '2019-02-19 17:24:26', 'ΘασουγράψωτηνΠαρασκευήteescribiréelviernes', 0),
(418, 'Την είδα την Κυριακή', 'la vi el domingo', 23, '2019-02-19 17:24:51', '2019-02-19 17:24:51', 'ΤηνείδατηνΚυριακήlavieldomingo', 0),
(419, 'Τη Δευτέρα θα πάμε', 'el lunes iremos', 23, '2019-02-19 17:25:09', '2019-02-19 17:25:09', 'ΤηΔευτέραθαπάμεellunesiremos', 0),
(420, 'Τον Ιούνιο κάνει ζέστη', 'en junio hace calor', 23, '2019-02-19 17:25:29', '2019-02-19 17:25:29', 'ΤονΙούνιοκάνειζέστηenjuniohacecalor', 0),
(421, 'Γεννήθηκα τον Οκτώβριο', 'nací en octubre', 23, '2019-02-19 17:25:53', '2019-02-19 17:25:53', 'ΓεννήθηκατονΟκτώβριοnacíenoctubre', 0),
(422, 'Κάθε μέρα', 'cada dia', 23, '2019-02-19 17:34:40', '2019-02-19 17:34:40', 'Κάθεμέραcadadia', 0),
(423, 'κάθε εβδομάδα', 'cada semana', 23, '2019-02-19 17:36:01', '2019-02-19 17:36:01', 'κάθεεβδομάδαcadasemana', 0),
(424, 'σήμερα', 'hoy', 23, '2019-02-19 17:36:41', '2019-02-19 17:36:41', 'σήμεραhoy', 0),
(425, 'Χθες', 'ayer', 23, '2019-02-19 17:36:59', '2019-02-19 17:36:59', 'Χθεςayer', 0),
(426, 'πρχοθες', 'antes de ayer', 23, '2019-02-19 17:38:14', '2019-02-19 17:38:14', 'πρχοθεςantesdeayer', 0),
(427, 'άυριο', 'mañana', 23, '2019-02-19 17:40:11', '2019-02-19 17:40:11', 'άυριοmañana', 0),
(428, 'μεθαυριο', 'pasado mañana', 23, '2019-02-19 17:41:10', '2019-02-19 17:41:10', 'μεθαυριοpasadomañana', 0),
(429, 'Η άνοιξη', 'primavera', 24, '2019-02-25 17:22:40', '2019-02-25 17:22:40', 'Ηάνοιξηprimavera', 0),
(430, 'Το καλοκαίρι', 'verano', 24, '2019-02-25 17:22:55', '2019-02-25 17:22:55', 'Τοκαλοκαίριverano', 0),
(431, 'Το φθινόπωρο', 'otoño', 24, '2019-02-25 17:23:23', '2019-02-25 17:23:23', 'Τοφθινόπωροotoño', 0),
(432, 'Ο χειμώνας', 'invierno', 24, '2019-02-25 17:23:41', '2019-02-25 17:23:41', 'Οχειμώναςinvierno', 0),
(433, 'Πώς είναι ο καιρός σήμερα;', 'cómo está el clima hoy?', 24, '2019-02-25 17:24:04', '2019-02-25 17:24:04', 'Πώςείναιοκαιρόςσήμερα;cómoestáelclimahoy?', 0),
(434, 'Τι καιρό έχουμε σήμερα;', 'qué clima tenemos hoy?', 24, '2019-02-25 17:24:19', '2019-02-25 17:24:19', 'Τικαιρόέχουμεσήμερα;quéclimatenemoshoy?', 0),
(435, 'Τι καιρό θα έχουμε αύριο, την Δευτέρα, την Τρίτη…;', '¿qué clima tendremos mañana, el lunes, el martes…?', 24, '2019-02-25 17:24:37', '2019-02-25 17:24:37', 'Τικαιρόθαέχουμεαύριο,τηνΔευτέρα,τηνΤρίτη…;¿quéclimatendremosmañana,ellunes,elmartes…?', 0),
(436, 'Είναι συννεφιασμένος / Έχουμε σύννεφα', 'está nublado / hay nubes', 24, '2019-02-25 17:24:59', '2019-02-25 17:24:59', 'Είναισυννεφιασμένος/Έχουμεσύννεφαestánublado/haynubes', 0),
(437, 'Είναι με λίγα σύννεφα / Είναι μερικώς συννεφιασμένος', 'está medio nublado', 24, '2019-02-25 17:25:25', '2019-02-25 17:25:25', 'Είναιμελίγασύννεφα/Είναιμερικώςσυννεφιασμένοςestámedionublado', 0),
(438, 'Έχουμε καταιγίδα', 'hay tormenta', 24, '2019-02-25 17:25:48', '2019-02-25 17:25:48', 'Έχουμεκαταιγίδαhaytormenta', 0),
(439, 'Κάνει ζέστη', 'hace calor', 24, '2019-02-25 17:26:00', '2019-02-25 17:26:00', 'Κάνειζέστηhacecalor', 0),
(440, 'Κάνει κρύο', 'hace frío', 24, '2019-02-25 17:26:24', '2019-02-25 17:26:24', 'Κάνεικρύοhacefrío', 0),
(441, 'Βρέχει / Έχουμε βροχή', 'está lloviendo / tenemos lluvia', 24, '2019-02-25 17:26:40', '2019-02-25 17:26:40', 'Βρέχει/Έχουμεβροχήestálloviendo/tenemoslluvia', 0),
(442, 'Χιονίζει / Έχουμε χιόνι', 'está nevando / tenemos nieve', 24, '2019-02-25 17:32:20', '2019-02-25 17:32:20', 'Χιονίζει/Έχουμεχιόνιestánevando/tenemosnieve', 0),
(443, 'Φυσάει λίγο / πολύ', 'hace poco/mucho viento', 24, '2019-02-25 17:32:35', '2019-02-25 17:32:35', 'Φυσάειλίγο/πολύhacepoco/muchoviento', 0),
(444, 'Μεγάλος', 'grande', 25, '2019-03-13 17:21:29', '2019-03-13 17:21:29', 'Μεγάλοςgrande', 0),
(445, 'Μικρός', 'pequeño', 25, '2019-03-13 17:23:54', '2019-03-13 17:23:54', 'Μικρόςpequeño', 0),
(446, 'Ψηλός', 'alto', 25, '2019-03-13 17:24:04', '2019-03-13 17:24:04', 'Ψηλόςalto', 0),
(447, 'Δυνατός', 'fuerte', 25, '2019-03-13 17:24:14', '2019-03-13 17:24:14', 'Δυνατόςfuerte', 0),
(448, 'Αδύνατος', 'débil', 25, '2019-03-13 17:24:24', '2019-03-13 17:24:24', 'Αδύνατοςdébil', 0),
(449, 'Άσπρος', 'blanco', 25, '2019-03-13 17:24:35', '2019-03-13 17:24:35', 'Άσπροςblanco', 0),
(450, 'Μαύρος', 'negro', 25, '2019-03-13 17:24:45', '2019-03-13 17:24:45', 'Μαύροςnegro', 0),
(451, 'Γρήγορος', 'rápido', 25, '2019-03-13 17:24:56', '2019-03-13 17:24:56', 'Γρήγοροςrápido', 0),
(452, 'Σημαντικός', 'importante', 25, '2019-03-13 17:25:10', '2019-03-13 17:25:10', 'Σημαντικόςimportante', 0),
(453, 'Όμορφος', 'guapo', 25, '2019-03-13 17:25:21', '2019-03-13 17:25:21', 'Όμορφοςguapo', 0),
(454, 'Η δυνατή γυναίκα', 'la mujer fuerte', 25, '2019-03-13 17:26:59', '2019-03-13 17:26:59', 'Ηδυνατήγυναίκαlamujerfuerte', 0),
(455, 'Τα σηματικά πράγματα', 'las cosas importantes', 25, '2019-03-13 17:27:53', '2019-03-13 17:28:07', 'Τασηματικάπράγματαlascosasimportantes', 1),
(456, 'Ο μικρός άντρας', 'el hombre pequeño', 25, '2019-03-13 17:28:42', '2019-03-13 17:28:42', 'Ομικρόςάντραςelhombrepequeño', 0),
(457, 'Η άδεια αίθουσα', 'la sala vacía', 25, '2019-03-13 17:33:49', '2019-03-13 17:33:49', 'Ηάδειααίθουσαlasalavacía', 0),
(458, 'Το πράσινο βιβλίο κοστίζει/κάνει δεκαπέντε ευρώ.', 'el libro verde cuesta 15 euros', 25, '2019-03-13 17:40:14', '2019-03-13 17:40:14', 'Τοπράσινοβιβλίοκοστίζει/κάνειδεκαπέντεευρώ.ellibroverdecuesta15euros', 0),
(459, 'Ο ψηλός και δυνατός άνδρας είναι από την Γερμανία και είναι τριάντα πέντε (χρονών)', 'el hombre alto y fuerte es de alemania y tiene 35 años', 25, '2019-03-13 17:42:04', '2019-03-13 17:42:04', 'ΟψηλόςκαιδυνατόςάνδραςείναιαπότηνΓερμανίακαιείναιτριάνταπέντε(χρονών)elhombrealtoyfuerteesdealemaniaytiene35años', 0),
(460, 'Το κόκκινο αυτοκίνητο είναι γρήγορο', 'el coche rojo es rápido', 25, '2019-03-13 17:43:10', '2019-03-13 17:43:10', 'Τοκόκκινοαυτοκίνητοείναιγρήγοροelcocherojoesrápido', 0),
(461, 'Η αδελφή είναι όμορφη', 'la hermana es guapa', 25, '2019-03-13 17:45:10', '2019-03-13 17:45:10', 'Ηαδελφήείναιόμορφηlahermanaesguapa', 0),
(462, 'Ο κουνιάδος είναι από την Ισπανία, είναι είκοσι ενός (χρονών) και είναι δημοσιογράφος', 'el cuñado es de españa, tiene 21 años y es periodista', 25, '2019-03-13 17:49:34', '2019-03-13 17:49:34', 'ΟκουνιάδοςείναιαπότηνΙσπανία,είναιείκοσιενός(χρονών)καιείναιδημοσιογράφοςelcuñadoesdeespaña,tiene21añosyesperiodista', 0),
(464, 'Το σπίτι μου', 'mi casa', 26, '2019-03-27 16:55:55', '2019-03-27 16:55:55', 'Τοσπίτιμουmicasa', 0),
(465, 'Η γιαγιά της', 'su abuela – de ella', 26, '2019-03-27 16:56:09', '2019-03-27 16:56:09', 'Ηγιαγιάτηςsuabuela–deella', 0),
(466, 'Ο κόσμος μας', 'nuestro mundo', 26, '2019-03-27 16:56:21', '2019-03-27 16:56:21', 'Οκόσμοςμαςnuestromundo', 0),
(467, 'Ποιανού είναι αυτό το σπίτι;', '¿de quién es esta casa?', 26, '2019-03-27 16:56:44', '2019-03-27 16:56:44', 'Ποιανούείναιαυτότοσπίτι;¿dequiénesestacasa?', 0),
(468, 'Είναι του Γιώργο', 'es de giorgos', 26, '2019-03-27 16:57:03', '2019-03-27 16:57:03', 'ΕίναιτουΓιώργοesdegiorgos', 0),
(469, 'Ποιου είναι το κόκκινο αυτοκίνητο;', '¿de quién es el coche rojo?', 26, '2019-03-27 16:57:19', '2019-03-27 16:57:19', 'Ποιουείναιτοκόκκινοαυτοκίνητο;¿dequiéneselcocherojo?', 0),
(470, 'Είναι της Ελένης', 'es de elena', 26, '2019-03-27 16:57:37', '2019-03-27 16:57:37', 'ΕίναιτηςΕλένηςesdeelena', 0),
(471, 'Τίνος είναι το μπλουζάκι;', '¿de quién es la camiseta?', 26, '2019-03-27 16:57:52', '2019-03-27 16:57:52', 'Τίνοςείναιτομπλουζάκι;¿dequiéneslacamiseta?', 0),
(472, 'Είναι του Παναγιώτη.', 'es de panagiotis', 26, '2019-03-27 16:58:07', '2019-03-27 16:58:07', 'ΕίναιτουΠαναγιώτη.esdepanagiotis', 0),
(473, 'Το βιβλίο είναι δικό μου', 'el libro es mío', 26, '2019-03-27 16:58:45', '2019-03-27 16:58:45', 'Τοβιβλίοείναιδικόμουellibroesmío', 0),
(474, 'Τα πράγματα είναι δικά της', 'las cosas son suyas – de ella', 26, '2019-03-27 16:58:55', '2019-03-27 16:58:55', 'Ταπράγματαείναιδικάτηςlascosassonsuyas–deella', 0),
(475, 'Ο γάτος είναι δικός μας', 'el gato es nuestro', 26, '2019-03-27 16:59:07', '2019-03-27 16:59:07', 'Ογάτοςείναιδικόςμαςelgatoesnuestro', 0),
(476, 'Το δικό μου βιβλίο', 'mi libro', 26, '2019-03-27 16:59:21', '2019-03-27 16:59:21', 'Τοδικόμουβιβλίοmilibro', 0),
(477, 'Τα δικά της πράγματα', 'sus cosas', 26, '2019-03-27 16:59:37', '2019-03-27 16:59:37', 'Ταδικάτηςπράγματαsuscosas', 0),
(478, 'Ο δικός μας γάτος', 'nuestro gato', 26, '2019-03-27 16:59:49', '2019-03-27 16:59:49', 'Οδικόςμαςγάτοςnuestrogato', 0);

-- --------------------------------------------------------

--
-- Estructura de tabla para la tabla `ingles`
--

CREATE TABLE `ingles` (
  `id` int(10) UNSIGNED NOT NULL,
  `palabra` varchar(255) COLLATE utf8mb4_unicode_ci NOT NULL,
  `significado` varchar(255) COLLATE utf8mb4_unicode_ci NOT NULL,
  `id_categoria` int(10) UNSIGNED NOT NULL,
  `created_at` timestamp NULL DEFAULT NULL,
  `updated_at` timestamp NULL DEFAULT NULL,
  `slug` varchar(255) COLLATE utf8mb4_unicode_ci DEFAULT NULL,
  `favorita` int(11) NOT NULL DEFAULT '0'
) ENGINE=InnoDB DEFAULT CHARSET=utf8mb4 COLLATE=utf8mb4_unicode_ci;

-- --------------------------------------------------------

--
-- Estructura de tabla para la tabla `italianos`
--

CREATE TABLE `italianos` (
  `id` int(10) UNSIGNED NOT NULL,
  `palabra` varchar(255) COLLATE utf8mb4_unicode_ci NOT NULL,
  `significado` varchar(255) COLLATE utf8mb4_unicode_ci NOT NULL,
  `id_categoria` int(10) UNSIGNED NOT NULL,
  `created_at` timestamp NULL DEFAULT NULL,
  `updated_at` timestamp NULL DEFAULT NULL,
  `slug` varchar(255) COLLATE utf8mb4_unicode_ci DEFAULT NULL,
  `favorita` int(11) NOT NULL DEFAULT '0'
) ENGINE=InnoDB DEFAULT CHARSET=utf8mb4 COLLATE=utf8mb4_unicode_ci;

--
-- Volcado de datos para la tabla `italianos`
--

INSERT INTO `italianos` (`id`, `palabra`, `significado`, `id_categoria`, `created_at`, `updated_at`, `slug`, `favorita`) VALUES
(3, 'buongiorno', 'buenos dias', 27, '2019-07-18 14:53:51', '2019-07-18 14:53:51', '\r\nbuongiornobuenosdias', 0),
(4, 'scusa', 'disculpe', 27, '2019-07-18 14:59:47', '2019-07-18 14:59:47', 'scusadisculpe', 0),
(5, 'spiacente', 'lo siento', 27, '2019-07-18 14:59:47', '2019-07-18 14:59:47', '\r\nspiacentelosiento', 0),
(6, 'prego', 'de nada', 27, '2019-07-18 14:59:47', '2019-07-18 14:59:47', '\r\npregodenada', 0),
(7, 'ciao', 'hola, chao', 27, '2019-07-18 14:59:47', '2019-07-18 14:59:47', '\r\nciaohola,chao', 0),
(8, 'buonanotte', 'buenas noches', 27, '2019-07-18 14:59:48', '2019-07-18 14:59:48', '\r\nbuonanottebuenasnoches', 0),
(9, 'buonasera', 'buenas noches', 27, '2019-07-18 14:59:48', '2019-07-18 14:59:48', '\r\nbuonaserabuenasnoches', 0),
(10, 'grazie', 'gracias', 27, '2019-07-18 14:59:48', '2019-07-18 14:59:48', '\r\ngraziegracias', 0),
(11, 'arrivederci', 'adios', 27, '2019-07-18 14:59:48', '2019-07-18 14:59:48', '\r\narrivederciadios', 0),
(12, 'salve', 'hola', 27, '2019-07-18 14:59:48', '2019-07-18 14:59:48', '\r\nsalvehola', 0),
(14, 'ricordare', 'recordar', 28, '2019-07-18 15:28:39', '2019-07-18 15:28:39', 'ricordarerecordar', 0),
(15, 'morire', 'morir', 28, '2019-07-18 15:28:39', '2019-07-18 15:28:39', '\r\nmoriremorir', 0),
(16, 'mancare', 'faltar', 28, '2019-07-18 15:28:39', '2019-07-18 15:28:39', '\r\nmancarefaltar', 0),
(17, 'bere', 'beber', 28, '2019-07-18 15:28:39', '2019-07-18 15:28:39', '\r\nberebeber', 0),
(18, 'aggiungere', 'añadir', 28, '2019-07-18 15:28:39', '2019-07-18 15:28:39', '\r\naggiungereañadir', 0),
(19, 'chiamare', 'llamar', 28, '2019-07-18 15:28:39', '2019-07-18 15:28:39', '\r\nchiamarellamar', 0),
(20, 'mettere', 'poner', 28, '2019-07-18 15:28:39', '2019-07-18 15:28:39', '\r\nmettereponer', 0),
(21, 'vedere', 'ver', 28, '2019-07-18 15:28:39', '2019-07-18 15:28:39', '\r\nvederever', 0),
(22, 'giocare', 'jugar', 28, '2019-07-18 15:28:39', '2019-07-18 15:28:39', '\r\ngiocarejugar', 0),
(23, 'iniziare', 'iniciar', 28, '2019-07-18 15:28:39', '2019-07-18 15:28:39', '\r\niniziareiniciar', 0),
(24, 'sognare', 'soñar', 28, '2019-07-18 15:28:39', '2019-07-18 15:28:39', '\r\nsognaresoñar', 0),
(25, 'aprire', 'abrir', 28, '2019-07-18 15:28:40', '2019-07-18 15:28:40', '\r\naprireabrir', 0),
(26, 'venire', 'venir', 28, '2019-07-18 15:28:40', '2019-07-18 15:28:40', '\r\nvenirevenir', 0),
(27, 'studiare', 'estudiar', 28, '2019-07-18 15:28:40', '2019-07-18 15:28:40', '\r\nstudiareestudiar', 0),
(28, 'andare', 'ir', 28, '2019-07-18 15:28:40', '2019-07-18 15:28:40', '\r\nandareir', 0),
(29, 'vivere', 'vivir', 28, '2019-07-18 15:28:40', '2019-07-18 15:28:40', '\r\nviverevivir', 0),
(30, 'sogni', 'sueños', 28, '2019-07-18 15:28:40', '2019-07-18 15:28:40', '\r\nsognisueños', 0),
(31, 'sapere', 'saber', 28, '2019-07-18 15:28:40', '2019-07-18 15:28:40', '\r\nsaperesaber', 0),
(32, 'pensare', 'pensar', 28, '2019-07-18 15:28:40', '2019-07-18 15:28:40', '\r\npensarepensar', 0),
(33, 'trovare', 'encontrar', 28, '2019-07-18 15:28:40', '2019-07-18 15:28:40', '\r\ntrovareencontrar', 0),
(34, 'parlare', 'hablar', 28, '2019-07-18 15:28:40', '2019-07-18 15:28:40', '\r\nparlarehablar', 0),
(35, 'conoscere', 'conocer', 28, '2019-07-18 15:28:40', '2019-07-18 15:28:40', '\r\nconoscereconocer', 0),
(36, 'arrivare', 'llegar', 28, '2019-07-18 15:28:40', '2019-07-18 15:28:40', '\r\narrivarellegar', 0),
(37, 'portare', 'llevar', 28, '2019-07-18 15:28:40', '2019-07-18 15:28:40', '\r\nportarellevar', 0),
(38, 'chiedere', 'preguntar, pedir', 28, '2019-07-18 15:28:40', '2019-07-18 15:28:40', '\r\nchiederepreguntar,pedir', 0),
(39, 'credere', 'creer', 28, '2019-07-18 15:28:40', '2019-07-18 15:28:40', '\r\ncrederecreer', 0),
(40, 'lui', 'el', 28, '2019-07-18 15:28:40', '2019-07-18 15:28:40', '\r\nluiel', 0),
(41, 'abbastanza', 'bastante, suficiente', 28, '2019-07-18 15:28:40', '2019-07-18 15:28:40', '\r\nabbastanzabastante,suficiente', 0),
(42, 'ci', 'nos', 28, '2019-07-18 15:28:40', '2019-07-18 15:28:40', '\r\ncinos', 0),
(43, 'si', 'si', 28, '2019-07-18 15:28:40', '2019-07-18 15:28:40', '\r\nsisi', 0),
(44, 'noi', 'nosotros', 28, '2019-07-18 15:28:40', '2019-07-18 15:28:40', '\r\nnoinosotros', 0),
(45, 'il', 'el', 28, '2019-07-18 15:28:40', '2019-07-18 15:28:40', '\r\nilel', 0),
(46, 'una', 'una', 28, '2019-07-18 15:28:40', '2019-07-18 15:28:40', '\r\nunauna', 0),
(47, 'comunità', 'comunidad', 28, '2019-07-18 15:28:40', '2019-07-18 15:28:40', '\r\ncomunitàcomunidad', 0),
(48, 'alla', 'a la', 28, '2019-07-18 15:28:41', '2019-07-18 15:28:41', '\r\nallaala', 0),
(49, 'in', 'en', 28, '2019-07-18 15:28:41', '2019-07-18 15:28:41', '\r\ninen', 0),
(50, 'un', 'un', 28, '2019-07-18 15:28:41', '2019-07-18 15:28:41', '\r\nunun', 0),
(51, 'piatti', 'platos', 28, '2019-07-18 15:28:41', '2019-07-18 15:28:41', '\r\npiattiplatos', 0),
(52, 'di', 'de', 28, '2019-07-18 15:28:41', '2019-07-18 15:28:41', '\r\ndide', 0),
(53, 'dei', 'de los', 28, '2019-07-18 15:28:41', '2019-07-18 15:28:41', '\r\ndeidelos', 0),
(54, 'giornale', 'periodico', 28, '2019-07-18 15:28:41', '2019-07-18 15:28:41', '\r\ngiornaleperiodico', 0),
(55, 'non', 'no', 28, '2019-07-18 15:28:41', '2019-07-18 15:28:41', '\r\nnonno', 0),
(56, 'tranne', 'excepto', 28, '2019-07-18 15:28:41', '2019-07-18 15:28:41', '\r\ntranneexcepto', 0),
(57, 'con', 'con', 28, '2019-07-18 15:28:41', '2019-07-18 15:28:41', '\r\nconcon', 0),
(58, 'molti', 'muchos', 28, '2019-07-18 15:28:41', '2019-07-18 15:28:41', '\r\nmoltimuchos', 0),
(59, 'poco', 'poco', 28, '2019-07-18 15:28:41', '2019-07-18 15:28:41', '\r\npocopoco', 0),
(60, 'me', 'mi', 28, '2019-07-18 15:28:41', '2019-07-18 15:28:41', '\r\nmemi', 0),
(61, 'bene', 'bien', 28, '2019-07-18 15:28:41', '2019-07-18 15:28:41', '\r\nbenebien', 0),
(62, 'nulla', 'nada', 28, '2019-07-18 15:28:41', '2019-07-18 15:28:41', '\r\nnullanada', 0),
(63, 'piatto', 'plata', 28, '2019-07-18 15:28:41', '2019-07-18 15:28:41', '\r\npiattoplata', 0),
(64, 'nessuno', 'ninguno', 28, '2019-07-18 15:28:41', '2019-07-18 15:28:41', '\r\nnessunoninguno', 0),
(65, 'per', 'para', 28, '2019-07-18 15:28:41', '2019-07-18 15:28:41', '\r\nperpara', 0),
(66, 'nel', 'en el', 28, '2019-07-18 15:28:41', '2019-07-18 15:28:41', '\r\nnelenel', 0),
(67, 'molto', 'mucho', 28, '2019-07-18 15:28:41', '2019-07-18 15:28:41', '\r\nmoltomucho', 0),
(68, 'capire', 'entender', 28, '2019-07-18 15:28:41', '2019-07-18 15:28:41', '\r\ncapireentender', 0),
(69, 'rimanere', 'permanecer', 28, '2019-07-18 15:28:41', '2019-07-18 15:28:41', '\r\nrimanerepermanecer', 0),
(70, 'entrare', 'entrar', 28, '2019-07-18 15:28:42', '2019-07-18 15:28:42', '\r\nentrareentrar', 0),
(71, 'passare', 'pasar', 28, '2019-07-18 15:28:42', '2019-07-18 15:28:42', '\r\npassarepasar', 0),
(72, 'sentire', 'sentir, oir', 28, '2019-07-18 15:28:42', '2019-07-18 15:28:42', '\r\nsentiresentir,oir', 0),
(73, 'succo', 'jugo', 28, '2019-07-18 15:28:42', '2019-07-18 15:28:42', '\r\nsuccojugo', 0),
(74, 'bottiglia', 'botella', 28, '2019-07-18 15:28:42', '2019-07-18 15:28:42', '\r\nbottigliabotella', 0),
(75, 'vino', 'vino', 28, '2019-07-18 15:28:42', '2019-07-18 15:28:42', '\r\nvinovino', 0),
(76, 'arancia', 'naranja', 28, '2019-07-18 15:28:42', '2019-07-18 15:28:42', '\r\narancianaranja', 0),
(77, 'diventare', 'volverse, convertirse en', 28, '2019-07-18 15:28:42', '2019-07-18 15:28:42', '\r\ndiventarevolverse,convertirseen', 0),
(78, 'tenere', 'mantener', 28, '2019-07-18 15:28:42', '2019-07-18 15:28:42', '\r\nteneremantener', 0),
(79, 'meglio', 'mejor', 28, '2019-07-18 15:28:42', '2019-07-18 15:28:42', '\r\nmegliomejor', 0),
(80, 'pensiamoci', 'pensemos en eso', 28, '2019-07-18 15:28:42', '2019-07-18 15:28:42', '\r\npensiamocipensemoseneso', 0),
(81, 'chiamiamoci', 'llamémonos', 28, '2019-07-18 15:28:42', '2019-07-18 15:28:42', '\r\nchiamiamocillamémonos', 0),
(82, 'passiamola', 'pasémosla', 28, '2019-07-18 15:28:42', '2019-07-18 15:28:42', '\r\npassiamolapasémosla', 0),
(83, 'speriamo', 'esperamos', 28, '2019-07-18 15:28:42', '2019-07-18 15:28:42', '\r\nsperiamoesperamos', 0),
(84, 'presto', 'pronto, temprano', 28, '2019-07-18 15:28:42', '2019-07-18 15:28:42', '\r\nprestopronto,temprano', 0),
(85, 'preghiamo', 'pedimos, rogamos', 28, '2019-07-18 15:28:42', '2019-07-18 15:28:42', '\r\npreghiamopedimos,rogamos', 0),
(86, 'cominciare', 'comenzar', 28, '2019-07-18 15:28:42', '2019-07-18 15:28:42', '\r\ncominciarecomenzar', 0),
(87, 'dimmi', 'dime', 28, '2019-07-18 15:28:42', '2019-07-18 15:28:42', '\r\ndimmidime', 0),
(88, 'usare', 'usar', 28, '2019-07-18 15:28:42', '2019-07-18 15:28:42', '\r\nusareusar', 0),
(89, 'ovviamente', 'obviamente', 28, '2019-07-18 15:28:42', '2019-07-18 15:28:42', '\r\novviamenteobviamente', 0),
(90, 'però', 'pero, sin embargo', 28, '2019-07-18 15:28:42', '2019-07-18 15:28:42', '\r\nperòpero,sinembargo', 0),
(91, 'avanti', 'adelante', 28, '2019-07-18 15:28:42', '2019-07-18 15:28:42', '\r\navantiadelante', 0),
(92, 'dietro', 'atras', 28, '2019-07-18 15:28:43', '2019-07-18 15:28:43', '\r\ndietroatras', 0),
(93, 'quasi', 'casi', 28, '2019-07-18 15:28:43', '2019-07-18 15:28:43', '\r\nquasicasi', 0),
(94, 'giù', 'abajo', 28, '2019-07-18 15:28:43', '2019-07-18 15:28:43', '\r\ngiùabajo', 0),
(95, 'decidere', 'decidir', 28, '2019-07-18 15:28:43', '2019-07-18 15:28:43', '\r\ndecideredecidir', 0),
(96, 'seguire', 'seguir', 28, '2019-07-18 15:28:43', '2019-07-18 15:28:43', '\r\nseguireseguir', 0),
(97, 'finire', 'terminar', 28, '2019-07-18 15:28:43', '2019-07-18 15:28:43', '\r\nfinireterminar', 0),
(98, 'unire', 'unir', 28, '2019-07-18 15:28:43', '2019-07-18 15:28:43', '\r\nunireunir', 0),
(99, 'offrire', 'ofrecer', 28, '2019-07-18 15:28:43', '2019-07-18 15:28:43', '\r\noffrireofrecer', 0),
(100, 'cambiare', 'cambiar', 28, '2019-07-18 15:28:43', '2019-07-18 15:28:43', '\r\ncambiarecambiar', 0),
(101, 'suonare', 'tocar, sonar', 28, '2019-07-18 15:28:43', '2019-07-18 15:28:43', '\r\nsuonaretocar,sonar', 0),
(102, 'costruire', 'construir', 28, '2019-07-18 15:28:43', '2019-07-18 15:28:43', '\r\ncostruireconstruir', 0),
(103, 'rispondere', 'responder', 28, '2019-07-18 15:28:43', '2019-07-18 15:28:43', '\r\nrispondereresponder', 0),
(104, 'indicare', 'indicar', 28, '2019-07-18 15:28:43', '2019-07-18 15:28:43', '\r\nindicareindicar', 0),
(105, 'scegliere', 'elegir', 28, '2019-07-18 15:28:43', '2019-07-18 15:28:43', '\r\nscegliereelegir', 0),
(106, 'aiutare', 'ayudar', 28, '2019-07-18 15:28:43', '2019-07-18 15:28:43', '\r\naiutareayudar', 0),
(107, 'amare', 'amar', 28, '2019-07-18 15:28:43', '2019-07-18 15:28:43', '\r\namareamar', 0),
(108, 'chiudere', 'cerrar', 28, '2019-07-18 15:28:43', '2019-07-18 15:28:43', '\r\nchiuderecerrar', 0),
(109, 'succedere', 'suceder', 28, '2019-07-18 15:28:43', '2019-07-18 15:28:43', '\r\nsuccederesuceder', 0),
(110, 'dimostrare', 'demostrar', 28, '2019-07-18 15:28:43', '2019-07-18 15:28:43', '\r\ndimostraredemostrar', 0),
(111, 'ricevere', 'recibir', 28, '2019-07-18 15:28:43', '2019-07-18 15:28:43', '\r\nricevererecibir', 0),
(112, 'guidare', 'manejar', 28, '2019-07-18 15:28:43', '2019-07-18 15:28:43', '\r\nguidaremanejar', 0),
(113, 'correre', 'correr', 28, '2019-07-18 15:28:44', '2019-07-18 15:28:44', '\r\ncorrerecorrer', 0),
(114, 'tirare', 'tirar, jalar', 28, '2019-07-18 15:28:44', '2019-07-18 15:28:44', '\r\ntiraretirar,jalar', 0),
(115, 'ripetere', 'repetir', 28, '2019-07-18 15:28:44', '2019-07-18 15:28:44', '\r\nripetererepetir', 0),
(116, 'svegliare', 'despertar', 28, '2019-07-18 15:28:44', '2019-07-18 15:28:44', '\r\nsvegliaredespertar', 0),
(117, 'insomma', 'en conclusión', 28, '2019-07-18 15:28:44', '2019-07-18 15:28:44', '\r\ninsommaenconclusión', 0),
(118, 'certo', 'ciertp', 28, '2019-07-18 15:28:44', '2019-07-18 15:28:44', '\r\ncertociertp', 0),
(119, 'assolutamente', 'absolutamente', 28, '2019-07-18 15:28:44', '2019-07-18 15:28:44', '\r\nassolutamenteabsolutamente', 0),
(120, 'adesso', 'ahora', 28, '2019-07-18 15:28:44', '2019-07-18 15:28:44', '\r\nadessoahora', 0),
(121, 'allora', 'entonces', 28, '2019-07-18 15:28:44', '2019-07-18 15:28:44', '\r\nalloraentonces', 0),
(122, 'fuori', 'afuera', 28, '2019-07-18 15:28:44', '2019-07-18 15:28:44', '\r\nfuoriafuera', 0),
(123, 'spinge', 'empuja', 28, '2019-07-18 15:28:44', '2019-07-18 15:28:44', '\r\nspingeempuja', 0),
(124, 'ringrazio', 'agradezco', 28, '2019-07-18 15:28:44', '2019-07-18 15:28:44', '\r\nringrazioagradezco', 0),
(125, 'cantano', 'cantan', 28, '2019-07-18 15:28:44', '2019-07-18 15:28:44', '\r\ncantanocantan', 0),
(126, 'spingiamo', 'empujamos', 28, '2019-07-18 15:28:44', '2019-07-18 15:28:44', '\r\nspingiamoempujamos', 0),
(127, 'compra', 'compra', 28, '2019-07-18 15:28:44', '2019-07-18 15:28:44', '\r\ncompracompra', 0),
(128, 'siede', 'sienta', 28, '2019-07-18 15:28:44', '2019-07-18 15:28:44', '\r\nsiedesienta', 0),
(129, 'dorme', 'duerme', 28, '2019-07-18 15:28:44', '2019-07-18 15:28:44', '\r\ndormeduerme', 0),
(130, 'visitiamo', 'visitamos', 28, '2019-07-18 15:28:44', '2019-07-18 15:28:44', '\r\nvisitiamovisitamos', 0),
(131, 'disegniamo', 'dibujamos', 28, '2019-07-18 15:28:44', '2019-07-18 15:28:44', '\r\ndisegniamodibujamos', 0),
(132, 'volo', 'vuelo', 28, '2019-07-18 15:28:45', '2019-07-18 15:28:45', '\r\nvolovuelo', 0),
(133, 'indosso', 'visto(indosso una maglia)', 28, '2019-07-18 15:28:45', '2019-07-18 15:28:45', '\r\nindossovisto(indossounamaglia)', 0),
(134, 'rompono', 'rompen', 28, '2019-07-18 15:28:45', '2019-07-18 15:28:45', '\r\nromponorompen', 0),
(135, 'viaggia', 'viaja', 28, '2019-07-18 15:28:45', '2019-07-18 15:28:45', '\r\nviaggiaviaja', 0),
(136, 'pesca', 'pesca', 28, '2019-07-18 15:28:45', '2019-07-18 15:28:45', '\r\npescapesca', 0),
(137, 'pescano', 'pescan', 28, '2019-07-18 15:28:45', '2019-07-18 15:28:45', '\r\npescanopescan', 0),
(138, 'cammini', 'caminos', 28, '2019-07-18 15:28:45', '2019-07-18 15:28:45', '\r\ncamminicaminos', 0),
(139, 'fuma', 'fuma', 28, '2019-07-18 15:28:45', '2019-07-18 15:28:45', '\r\nfumafuma', 0),
(140, 'riempi', 'llenas', 28, '2019-07-18 15:28:45', '2019-07-18 15:28:45', '\r\nriempillenas', 0),
(141, 'riposo', 'descanso', 28, '2019-07-18 15:28:45', '2019-07-18 15:28:45', '\r\nriposodescanso', 0),
(142, 'fallisco', 'fallo', 28, '2019-07-18 15:28:45', '2019-07-18 15:28:45', '\r\nfalliscofallo', 0),
(143, 'coltiva', 'cultiva', 28, '2019-07-18 15:28:45', '2019-07-18 15:28:45', '\r\ncoltivacultiva', 0),
(144, 'lava', 'lava', 28, '2019-07-18 15:28:45', '2019-07-18 15:28:45', '\r\nlavalava', 0),
(145, 'coltivo', 'cultiva', 28, '2019-07-18 15:28:45', '2019-07-18 15:28:45', '\r\ncoltivocultiva', 0),
(146, 'prenota', 'reserva', 28, '2019-07-18 15:28:45', '2019-07-18 15:28:45', '\r\nprenotareserva', 0),
(147, 'esploriamo', 'exploramos', 28, '2019-07-18 15:28:45', '2019-07-18 15:28:45', '\r\nesploriamoexploramos', 0),
(148, 'cucino', 'cocino', 28, '2019-07-18 15:28:45', '2019-07-18 15:28:45', '\r\ncucinococino', 0),
(149, 'nuota', 'nada', 28, '2019-07-18 15:28:45', '2019-07-18 15:28:45', '\r\nnuotanada', 0),
(150, 'friggi', 'fríes', 28, '2019-07-18 15:28:45', '2019-07-18 15:28:45', '\r\nfriggifríes', 0),
(151, 'asciugo', 'seco', 28, '2019-07-18 15:28:45', '2019-07-18 15:28:45', '\r\nasciugoseco', 0),
(152, 'lasciamo', 'dejamos', 28, '2019-07-18 15:28:45', '2019-07-18 15:28:45', '\r\nlasciamodejamos', 0),
(153, 'rimane', 'permanece', 28, '2019-07-18 15:28:46', '2019-07-18 15:28:46', '\r\nrimanepermanece', 0),
(154, 'rimangono', 'permanecen', 28, '2019-07-18 15:28:46', '2019-07-18 15:28:46', '\r\nrimangonopermanecen', 0),
(155, 'trovate', 'encuentran', 28, '2019-07-18 15:28:46', '2019-07-18 15:28:46', '\r\ntrovateencuentran', 0),
(156, 'porti', 'llevas, puertos', 28, '2019-07-18 15:28:46', '2019-07-18 15:28:46', '\r\nportillevas,puertos', 0),
(157, 'usa', 'usa', 28, '2019-07-18 15:28:46', '2019-07-18 15:28:46', '\r\nusausa', 0),
(158, 'vivete', 'viven', 28, '2019-07-18 15:28:46', '2019-07-18 15:28:46', '\r\nviveteviven', 0),
(159, 'passano', 'pasan', 28, '2019-07-18 15:28:46', '2019-07-18 15:28:46', '\r\npassanopasan', 0),
(160, 'uso', 'uso', 28, '2019-07-18 15:28:46', '2019-07-18 15:28:46', '\r\nusouso', 0),
(161, 'divento', 'me vuelvo', 28, '2019-07-18 15:28:46', '2019-07-18 15:28:46', '\r\ndiventomevuelvo', 0),
(162, 'trovo', 'encuentro', 28, '2019-07-18 15:28:46', '2019-07-18 15:28:46', '\r\ntrovoencuentro', 0),
(163, 'porta', 'puerta, lleva', 28, '2019-07-18 15:28:46', '2019-07-18 15:28:46', '\r\nportapuerta,lleva', 0),
(164, 'muoiono', 'mueren', 28, '2019-07-18 15:28:46', '2019-07-18 15:28:46', '\r\nmuoionomueren', 0),
(165, 'moriamo', 'morimos', 28, '2019-07-18 15:28:46', '2019-07-18 15:28:46', '\r\nmoriamomorimos', 0),
(166, 'diventa', 'se vuelve', 28, '2019-07-18 15:28:46', '2019-07-18 15:28:46', '\r\ndiventasevuelve', 0),
(167, 'muore', 'muere', 28, '2019-07-18 15:28:46', '2019-07-18 15:28:46', '\r\nmuoremuere', 0),
(168, 'vive', 'vive', 28, '2019-07-18 15:28:46', '2019-07-18 15:28:46', '\r\nvivevive', 0),
(169, 'tenete', 'tengan, mantienen', 28, '2019-07-18 15:28:46', '2019-07-18 15:28:46', '\r\ntenetetengan,mantienen', 0),
(170, 'tengono', 'guardan', 28, '2019-07-18 15:28:46', '2019-07-18 15:28:46', '\r\ntengonoguardan', 0),
(171, 'vivono', 'viven', 28, '2019-07-18 15:28:46', '2019-07-18 15:28:46', '\r\nvivonoviven', 0),
(172, 'usiamo', 'usamos', 28, '2019-07-18 15:28:46', '2019-07-18 15:28:46', '\r\nusiamousamos', 0),
(173, 'passi', 'pasas', 28, '2019-07-18 15:28:46', '2019-07-18 15:28:46', '\r\npassipasas', 0),
(174, 'chiede', 'pide, pregunta', 28, '2019-07-18 15:28:46', '2019-07-18 15:28:46', '\r\nchiedepide,pregunta', 0),
(175, 'metto', 'pongo', 28, '2019-07-18 15:28:47', '2019-07-18 15:28:47', '\r\nmettopongo', 0),
(176, 'parli', 'hablas', 28, '2019-07-18 15:28:47', '2019-07-18 15:28:47', '\r\nparlihablas', 0),
(177, 'parlano', 'hablan', 28, '2019-07-18 15:28:47', '2019-07-18 15:28:47', '\r\nparlanohablan', 0),
(178, 'sta', 'está', 28, '2019-07-18 15:28:47', '2019-07-18 15:28:47', '\r\nstaestá', 0),
(179, 'ricordano', 'recuerdan', 28, '2019-07-18 15:28:47', '2019-07-18 15:28:47', '\r\nricordanorecuerdan', 0),
(180, 'viene', 'viene', 28, '2019-07-18 15:28:47', '2019-07-18 15:28:47', '\r\nvieneviene', 0),
(181, 'parla', 'habla', 28, '2019-07-18 15:28:47', '2019-07-18 15:28:47', '\r\nparlahabla', 0),
(182, 'vieni', 'vienes', 28, '2019-07-18 15:28:47', '2019-07-18 15:28:47', '\r\nvienivienes', 0),
(183, 'prende', 'toma, agarra', 28, '2019-07-18 15:28:47', '2019-07-18 15:28:47', '\r\nprendetoma,agarra', 0),
(184, 'mettete', 'ponen', 28, '2019-07-18 15:28:47', '2019-07-18 15:28:47', '\r\nmetteteponen', 0),
(185, 'vengono', 'vienen', 28, '2019-07-18 15:28:47', '2019-07-18 15:28:47', '\r\nvengonovienen', 0),
(186, 'stanno', 'estan', 28, '2019-07-18 15:28:47', '2019-07-18 15:28:47', '\r\nstannoestan', 0),
(187, 'aprite', 'abren', 28, '2019-07-18 15:28:47', '2019-07-18 15:28:47', '\r\napriteabren', 0),
(188, 'aspettate', 'esperan', 28, '2019-07-18 15:28:47', '2019-07-18 15:28:47', '\r\naspettateesperan', 0),
(189, 'aspetto', 'espero', 28, '2019-07-18 15:28:47', '2019-07-18 15:28:47', '\r\naspettoespero', 0),
(190, 'ricordo', 'recuerdo', 28, '2019-07-18 15:28:47', '2019-07-18 15:28:47', '\r\nricordorecuerdo', 0),
(191, 'crede', 'creo', 28, '2019-07-18 15:28:47', '2019-07-18 15:28:47', '\r\ncredecreo', 0),
(192, 'faccio', 'hago', 28, '2019-07-18 15:28:47', '2019-07-18 15:28:47', '\r\nfacciohago', 0),
(193, 'danno', 'dan', 28, '2019-07-18 15:28:47', '2019-07-18 15:28:47', '\r\ndannodan', 0),
(194, 'può', 'puede', 28, '2019-07-18 15:28:47', '2019-07-18 15:28:47', '\r\npuòpuede', 0),
(195, 'vediamo', 'vemos', 28, '2019-07-18 15:28:47', '2019-07-18 15:28:47', '\r\nvediamovemos', 0),
(196, 'facciamo', 'hacemos', 28, '2019-07-18 15:28:47', '2019-07-18 15:28:47', '\r\nfacciamohacemos', 0),
(197, 'lavorano', 'trabajan', 28, '2019-07-18 15:28:48', '2019-07-18 15:28:48', '\r\nlavoranotrabajan', 0),
(198, 'vede', 've', 28, '2019-07-18 15:28:48', '2019-07-18 15:28:48', '\r\nvedeve', 0),
(199, 'lavori', 'trabajas', 28, '2019-07-18 15:28:48', '2019-07-18 15:28:48', '\r\nlavoritrabajas', 0),
(200, 'arrivi', 'llegas', 28, '2019-07-18 15:28:48', '2019-07-18 15:28:48', '\r\narrivillegas', 0),
(201, 'credo', 'creo', 28, '2019-07-18 15:28:48', '2019-07-18 15:28:48', '\r\ncredocreo', 0),
(202, 'chiama', 'llama', 28, '2019-07-18 15:28:48', '2019-07-18 15:28:48', '\r\nchiamallama', 0),
(203, 'vedo', 'veo', 28, '2019-07-18 15:28:48', '2019-07-18 15:28:48', '\r\nvedoveo', 0),
(204, 'chiamo', 'llamo', 28, '2019-07-18 15:28:48', '2019-07-18 15:28:48', '\r\nchiamollamo', 0),
(205, 'fai', 'haces', 28, '2019-07-18 15:28:48', '2019-07-18 15:28:48', '\r\nfaihaces', 0),
(206, 'finiamo', 'terminamos', 28, '2019-07-18 15:28:48', '2019-07-18 15:28:48', '\r\nfiniamoterminamos', 0),
(207, 'completamente', 'completamente', 28, '2019-07-18 15:28:48', '2019-07-18 15:28:48', '\r\ncompletamentecompletamente', 0),
(208, 'tipi', 'tipos', 28, '2019-07-18 15:28:48', '2019-07-18 15:28:48', '\r\ntipitipos', 0),
(209, 'piani', 'pisos, planes', 28, '2019-07-18 15:28:48', '2019-07-18 15:28:48', '\r\npianipisos,planes', 0),
(210, 'problemi', 'problemas', 28, '2019-07-18 15:28:48', '2019-07-18 15:28:48', '\r\nproblemiproblemas', 0),
(211, 'volta', 'vez', 28, '2019-07-18 15:28:48', '2019-07-18 15:28:48', '\r\nvoltavez', 0),
(212, 'forze', 'fuerzas', 28, '2019-07-18 15:28:48', '2019-07-18 15:28:48', '\r\nforzefuerzas', 0),
(213, 'piano', 'piso, plan', 28, '2019-07-18 15:28:48', '2019-07-18 15:28:48', '\r\npianopiso,plan', 0),
(214, 'problema', 'problema', 28, '2019-07-18 15:28:48', '2019-07-18 15:28:48', '\r\nproblemaproblema', 0),
(215, 'punto', 'punto', 28, '2019-07-18 15:28:48', '2019-07-18 15:28:48', '\r\npuntopunto', 0),
(216, 'forza', 'fuerza', 28, '2019-07-18 15:28:48', '2019-07-18 15:28:48', '\r\nforzafuerza', 0),
(217, 'volte', 'veces', 28, '2019-07-18 15:28:48', '2019-07-18 15:28:48', '\r\nvolteveces', 0),
(218, 'caso', 'caso', 28, '2019-07-18 15:28:48', '2019-07-18 15:28:48', '\r\ncasocaso', 0),
(219, 'punti', 'puntos', 28, '2019-07-18 15:28:49', '2019-07-18 15:28:49', '\r\npuntipuntos', 0),
(220, 'lavoro', 'trabajo', 28, '2019-07-18 15:28:49', '2019-07-18 15:28:49', '\r\nlavorotrabajo', 0),
(221, 'possono', 'pueden', 28, '2019-07-18 15:28:49', '2019-07-18 15:28:49', '\r\npossonopueden', 0),
(222, 'domande', 'preguntas', 28, '2019-07-18 15:28:49', '2019-07-18 15:28:49', '\r\ndomandepreguntas', 0),
(223, 'risposta', 'respuesta', 28, '2019-07-18 15:28:49', '2019-07-18 15:28:49', '\r\nrispostarespuesta', 0),
(224, 'domanda', 'pregunta', 28, '2019-07-18 15:28:49', '2019-07-18 15:28:49', '\r\ndomandapregunta', 0),
(225, 'carattere', 'caracter', 28, '2019-07-18 15:28:49', '2019-07-18 15:28:49', '\r\ncaratterecaracter', 0),
(226, 'rapporti', 'relaciones', 28, '2019-07-18 15:28:49', '2019-07-18 15:28:49', '\r\nrapportirelaciones', 0),
(227, 'dà', 'da(de dar)', 28, '2019-07-18 15:28:49', '2019-07-18 15:28:49', '\r\ndàda(dedar)', 0),
(228, 'sento', 'oigo, siento', 28, '2019-07-18 15:28:49', '2019-07-18 15:28:49', '\r\nsentooigo,siento', 0),
(229, 'piacciono', 'gustan', 28, '2019-07-18 15:28:49', '2019-07-18 15:28:49', '\r\npiaccionogustan', 0),
(230, 'decidi', 'decides', 28, '2019-07-18 15:28:49', '2019-07-18 15:28:49', '\r\ndecididecides', 0),
(231, 'posso', 'puedo', 28, '2019-07-18 15:28:49', '2019-07-18 15:28:49', '\r\npossopuedo', 0),
(232, 'dice', 'dice', 28, '2019-07-18 15:28:49', '2019-07-18 15:28:49', '\r\ndicedice', 0),
(233, 'conosciamo', 'conocemos', 28, '2019-07-18 15:28:49', '2019-07-18 15:28:49', '\r\nconosciamoconocemos', 0),
(234, 'potete', 'pueden', 28, '2019-07-18 15:28:49', '2019-07-18 15:28:49', '\r\npotetepueden', 0),
(235, 'certi', 'ciertos', 28, '2019-07-18 15:28:49', '2019-07-18 15:28:49', '\r\ncerticiertos', 0),
(236, 'pieno', 'lleno', 28, '2019-07-18 15:28:49', '2019-07-18 15:28:49', '\r\npienolleno', 0),
(237, 'possibile', 'posible', 28, '2019-07-18 15:28:49', '2019-07-18 15:28:49', '\r\npossibileposible', 0),
(238, 'diversi', 'diferentes', 28, '2019-07-18 15:28:50', '2019-07-18 15:28:50', '\r\ndiversidiferentes', 0),
(239, 'prossimo', 'proximo', 28, '2019-07-18 15:28:50', '2019-07-18 15:28:50', '\r\nprossimoproximo', 0),
(240, 'rispondo', 'respondo', 28, '2019-07-18 15:28:50', '2019-07-18 15:28:50', '\r\nrispondorespondo', 0),
(241, 'crescono', 'crecen', 28, '2019-07-18 15:28:50', '2019-07-18 15:28:50', '\r\ncresconocrecen', 0),
(242, 'cambio', 'cambio', 28, '2019-07-18 15:28:50', '2019-07-18 15:28:50', '\r\ncambiocambio', 0),
(243, 'chiudete', 'cierran', 28, '2019-07-18 15:28:50', '2019-07-18 15:28:50', '\r\nchiudetecierran', 0),
(244, 'indica', 'indica', 28, '2019-07-18 15:28:50', '2019-07-18 15:28:50', '\r\nindicaindica', 0),
(245, 'colpiamo', 'golpeamos', 28, '2019-07-18 15:28:50', '2019-07-18 15:28:50', '\r\ncolpiamogolpeamos', 0),
(246, 'colpisci', 'golpeas', 28, '2019-07-18 15:28:50', '2019-07-18 15:28:50', '\r\ncolpiscigolpeas', 0),
(247, 'controllo', 'control', 28, '2019-07-18 15:28:50', '2019-07-18 15:28:50', '\r\ncontrollocontrol', 0),
(248, 'scrivo', 'escribo', 28, '2019-07-18 15:28:50', '2019-07-18 15:28:50', '\r\nscrivoescribo', 0),
(249, 'scrive', 'escribe', 28, '2019-07-18 15:28:50', '2019-07-18 15:28:50', '\r\nscriveescribe', 0),
(250, 'scrivi', 'escribes', 28, '2019-07-18 15:28:50', '2019-07-18 15:28:50', '\r\nscriviescribes', 0),
(251, 'scriviamo', 'escribimos', 28, '2019-07-18 15:28:50', '2019-07-18 15:28:50', '\r\nscriviamoescribimos', 0),
(252, 'scrivete', 'escriben', 28, '2019-07-18 15:28:50', '2019-07-18 15:28:50', '\r\nscriveteescriben', 0),
(253, 'scrivono', 'escriben', 28, '2019-07-18 15:28:50', '2019-07-18 15:28:50', '\r\nscrivonoescriben', 0),
(254, 'manca', 'falta', 28, '2019-07-18 15:28:50', '2019-07-18 15:28:50', '\r\nmancafalta', 0),
(255, 'aggiungi', 'añades', 28, '2019-07-18 15:28:50', '2019-07-18 15:28:50', '\r\naggiungiañades', 0),
(256, 'guidiamo', 'manejamos, conducimos', 28, '2019-07-18 15:28:50', '2019-07-18 15:28:50', '\r\nguidiamomanejamos,conducimos', 0),
(257, 'significa', 'significa', 28, '2019-07-18 15:28:50', '2019-07-18 15:28:50', '\r\nsignificasignifica', 0),
(258, 'dimostra', 'demuestra', 28, '2019-07-18 15:28:50', '2019-07-18 15:28:50', '\r\ndimostrademuestra', 0),
(259, 'sceglie', 'elige', 28, '2019-07-18 15:28:51', '2019-07-18 15:28:51', '\r\nsceglieelige', 0),
(260, 'riceve', 'recibe', 28, '2019-07-18 15:28:51', '2019-07-18 15:28:51', '\r\nriceverecibe', 0),
(261, 'paghiamo', 'pagamos', 28, '2019-07-18 15:28:51', '2019-07-18 15:28:51', '\r\npaghiamopagamos', 0),
(262, 'pagano', 'pagan', 28, '2019-07-18 15:28:51', '2019-07-18 15:28:51', '\r\npaganopagan', 0),
(263, 'paga', 'paga', 28, '2019-07-18 15:28:51', '2019-07-18 15:28:51', '\r\npagapaga', 0),
(264, 'cadono', 'caen', 28, '2019-07-18 15:28:51', '2019-07-18 15:28:51', '\r\ncadonocaen', 0),
(265, 'cade', 'cae', 28, '2019-07-18 15:28:51', '2019-07-18 15:28:51', '\r\ncadecae', 0),
(266, 'spiega', 'explica', 28, '2019-07-18 15:28:51', '2019-07-18 15:28:51', '\r\nspiegaexplica', 0),
(267, 'ascolta', 'escucha', 28, '2019-07-18 15:28:51', '2019-07-18 15:28:51', '\r\nascoltaescucha', 0),
(268, 'ascoltiamo', 'escuchamos', 28, '2019-07-18 15:28:51', '2019-07-18 15:28:51', '\r\nascoltiamoescuchamos', 0),
(269, 'ascoltano', 'escuchan', 28, '2019-07-18 15:28:51', '2019-07-18 15:28:51', '\r\nascoltanoescuchan', 0),
(270, 'cresciamo', 'crecen', 28, '2019-07-18 15:28:51', '2019-07-18 15:28:51', '\r\ncresciamocrecen', 0),
(271, 'cresce', 'crece', 28, '2019-07-18 15:28:51', '2019-07-18 15:28:51', '\r\ncrescecrece', 0),
(272, 'studia', 'estudia', 28, '2019-07-18 15:28:51', '2019-07-18 15:28:51', '\r\nstudiaestudia', 0),
(273, 'studio', 'estudio', 28, '2019-07-18 15:28:51', '2019-07-18 15:28:51', '\r\nstudioestudio', 0),
(274, 'ritorna', 'retorna, regresa', 28, '2019-07-18 15:28:51', '2019-07-18 15:28:51', '\r\nritornaretorna,regresa', 0),
(275, 'ritorni', 'retornas, regresas', 28, '2019-07-18 15:28:51', '2019-07-18 15:28:51', '\r\nritorniretornas,regresas', 0),
(276, 'corro', 'corro', 28, '2019-07-18 15:28:51', '2019-07-18 15:28:51', '\r\ncorrocorro', 0),
(277, 'corre', 'corre', 28, '2019-07-18 15:28:51', '2019-07-18 15:28:51', '\r\ncorrecorre', 0),
(278, 'corri', 'corres', 28, '2019-07-18 15:28:51', '2019-07-18 15:28:51', '\r\ncorricorres', 0),
(279, 'corrono', 'corren', 28, '2019-07-18 15:28:51', '2019-07-18 15:28:51', '\r\ncorronocorren', 0),
(280, 'corriamo', 'corremos', 28, '2019-07-18 15:28:51', '2019-07-18 15:28:51', '\r\ncorriamocorremos', 0),
(281, 'manda', 'manda, envia', 28, '2019-07-18 15:28:52', '2019-07-18 15:28:52', '\r\nmandamanda,envia', 0),
(282, 'gira', 'gira', 28, '2019-07-18 15:28:52', '2019-07-18 15:28:52', '\r\ngiragira', 0),
(283, 'descrive', 'describe', 28, '2019-07-18 15:28:52', '2019-07-18 15:28:52', '\r\ndescrivedescribe', 0),
(284, 'vendo', 'vendo', 28, '2019-07-18 15:28:52', '2019-07-18 15:28:52', '\r\nvendovendo', 0),
(285, 'tira', 'tira', 28, '2019-07-18 15:28:52', '2019-07-18 15:28:52', '\r\ntiratira', 0),
(286, 'salviamo', 'salvamos', 28, '2019-07-18 15:28:52', '2019-07-18 15:28:52', '\r\nsalviamosalvamos', 0),
(287, 'dimentica', 'olvida', 28, '2019-07-18 15:28:52', '2019-07-18 15:28:52', '\r\ndimenticaolvida', 0),
(288, 'dimentichiamo', 'olvidamos', 28, '2019-07-18 15:28:52', '2019-07-18 15:28:52', '\r\ndimentichiamoolvidamos', 0),
(289, 'invitiamo', 'invitamos', 28, '2019-07-18 15:28:52', '2019-07-18 15:28:52', '\r\ninvitiamoinvitamos', 0),
(290, 'invita', 'invita', 28, '2019-07-18 15:28:52', '2019-07-18 15:28:52', '\r\ninvitainvita', 0),
(291, 'vende', 'vende', 28, '2019-07-18 15:28:52', '2019-07-18 15:28:52', '\r\nvendevende', 0),
(292, 'descrivi', 'describes', 28, '2019-07-18 15:28:52', '2019-07-18 15:28:52', '\r\ndescrividescribes', 0),
(293, 'salva', 'salva', 28, '2019-07-18 15:28:52', '2019-07-18 15:28:52', '\r\nsalvasalva', 0),
(294, 'preferisce', 'prefiere', 28, '2019-07-18 15:28:52', '2019-07-18 15:28:52', '\r\npreferisceprefiere', 0),
(295, 'dura', 'dura(de duracion)', 28, '2019-07-18 15:28:52', '2019-07-18 15:28:52', '\r\nduradura(deduracion)', 0),
(296, 'impari', 'aprendes', 28, '2019-07-18 15:28:52', '2019-07-18 15:28:52', '\r\nimpariaprendes', 0),
(297, 'attraverso', 'a través, atravieso, a través de', 28, '2019-07-18 15:28:52', '2019-07-18 15:28:52', '\r\nattraversoatravés,atravieso,atravésde', 0),
(298, 'cerco', 'busco', 28, '2019-07-18 15:28:52', '2019-07-18 15:28:52', '\r\ncercobusco', 0),
(299, 'beviamo', 'bebemos', 28, '2019-07-18 15:28:52', '2019-07-18 15:28:52', '\r\nbeviamobebemos', 0),
(300, 'bevo', 'bevo', 28, '2019-07-18 15:28:53', '2019-07-18 15:28:53', '\r\nbevobevo', 0),
(301, 'bevono', 'beben', 28, '2019-07-18 15:28:53', '2019-07-18 15:28:53', '\r\nbevonobeben', 0),
(302, 'bevi', 'bebes', 28, '2019-07-18 15:28:53', '2019-07-18 15:28:53', '\r\nbevibebes', 0),
(303, 'beve', 'bebe', 28, '2019-07-18 15:28:53', '2019-07-18 15:28:53', '\r\nbevebebe', 0),
(304, 'è', 'es/esta', 28, '2019-07-18 15:28:53', '2019-07-18 15:28:53', '\r\nèes/esta', 0),
(305, 'sei', 'eres', 28, '2019-07-18 15:28:53', '2019-07-18 15:28:53', '\r\nseieres', 0),
(306, 'sono', 'son/estan', 28, '2019-07-18 15:28:53', '2019-07-18 15:28:53', '\r\nsonoson/estan', 0),
(307, 'ha', 'tiene', 28, '2019-07-18 15:28:53', '2019-07-18 15:28:53', '\r\nhatiene', 0),
(308, 'ho', 'tengo', 28, '2019-07-18 15:28:53', '2019-07-18 15:28:53', '\r\nhotengo', 0),
(309, 'mangi', 'comes', 28, '2019-07-18 15:28:53', '2019-07-18 15:28:53', '\r\nmangicomes', 0),
(310, 'mangio', 'come', 28, '2019-07-18 15:28:53', '2019-07-18 15:28:53', '\r\nmangiocome', 0),
(311, 'mangia', 'come', 28, '2019-07-18 15:28:53', '2019-07-18 15:28:53', '\r\nmangiacome', 0),
(312, 'sappiamo', 'sabemos', 28, '2019-07-18 15:28:53', '2019-07-18 15:28:53', '\r\nsappiamosabemos', 0),
(313, 'sa', 'sabe', 28, '2019-07-18 15:28:53', '2019-07-18 15:28:53', '\r\nsasabe', 0),
(314, 'voglio', 'quiero', 28, '2019-07-18 15:28:53', '2019-07-18 15:28:53', '\r\nvoglioquiero', 0),
(315, 'pensi', 'piensas', 28, '2019-07-18 15:28:53', '2019-07-18 15:28:53', '\r\npensipiensas', 0),
(316, 'pensano', 'piensan', 28, '2019-07-18 15:28:53', '2019-07-18 15:28:53', '\r\npensanopiensan', 0),
(317, 'crediamo', 'creemos', 28, '2019-07-18 15:28:53', '2019-07-18 15:28:53', '\r\ncrediamocreemos', 0),
(318, 'credi', 'crees', 28, '2019-07-18 15:28:54', '2019-07-18 15:28:54', '\r\ncredicrees', 0),
(319, 'piaccio', 'gusto', 28, '2019-07-18 15:28:54', '2019-07-18 15:28:54', '\r\npiacciogusto', 0),
(320, 'piace', 'gusta', 28, '2019-07-18 15:28:54', '2019-07-18 15:28:54', '\r\npiacegusta', 0),
(321, 'prendono', 'toman', 28, '2019-07-18 15:28:54', '2019-07-18 15:28:54', '\r\nprendonotoman', 0),
(322, 'prendiamo', 'tomamos', 28, '2019-07-18 15:28:54', '2019-07-18 15:28:54', '\r\nprendiamotomamos', 0),
(323, 'decidiamo', 'decidimos', 28, '2019-07-18 15:28:54', '2019-07-18 15:28:54', '\r\ndecidiamodecidimos', 0),
(324, 'capisce', 'entiende', 28, '2019-07-18 15:28:54', '2019-07-18 15:28:54', '\r\ncapisceentiende', 0),
(325, 'passiamo', 'pasamos', 28, '2019-07-18 15:28:54', '2019-07-18 15:28:54', '\r\npassiamopasamos', 0),
(326, 'finisci', 'terminas', 28, '2019-07-18 15:28:54', '2019-07-18 15:28:54', '\r\nfinisciterminas', 0),
(327, 'finisce', 'termina', 28, '2019-07-18 15:28:54', '2019-07-18 15:28:54', '\r\nfiniscetermina', 0),
(328, 'capisco', 'entiendo', 28, '2019-07-18 15:28:54', '2019-07-18 15:28:54', '\r\ncapiscoentiendo', 0),
(329, 'capisci', 'entiendes', 28, '2019-07-18 15:28:54', '2019-07-18 15:28:54', '\r\ncapiscientiendes', 0),
(330, 'decide', 'decide', 28, '2019-07-18 15:28:54', '2019-07-18 15:28:54', '\r\ndecidedecide', 0),
(331, 'arrivo', 'llego', 28, '2019-07-18 15:28:54', '2019-07-18 15:28:54', '\r\narrivollego', 0),
(332, 'arriva', 'llega', 28, '2019-07-18 15:28:54', '2019-07-18 15:28:54', '\r\narrivallega', 0),
(333, 'guardiamo', 'miramos', 28, '2019-07-18 15:28:54', '2019-07-18 15:28:54', '\r\nguardiamomiramos', 0),
(334, 'guardate', 'miran', 28, '2019-07-18 15:28:54', '2019-07-18 15:28:54', '\r\nguardatemiran', 0),
(335, 'segue', 'sigue', 28, '2019-07-18 15:28:54', '2019-07-18 15:28:54', '\r\nseguesigue', 0),
(336, 'conosco', 'conosco', 28, '2019-07-18 15:28:55', '2019-07-18 15:28:55', '\r\nconoscoconosco', 0),
(337, 'leggo', 'leo', 28, '2019-07-18 15:28:55', '2019-07-18 15:28:55', '\r\nleggoleo', 0),
(338, 'leggono', 'leen', 28, '2019-07-18 15:28:55', '2019-07-18 15:28:55', '\r\nleggonoleen', 0),
(339, 'leggete', 'leen', 28, '2019-07-18 15:28:55', '2019-07-18 15:28:55', '\r\nleggeteleen', 0),
(340, 'leggiamo', 'leemos', 28, '2019-07-18 15:28:55', '2019-07-18 15:28:55', '\r\nleggiamoleemos', 0),
(341, 'pessiamo', 'podemos', 28, '2019-07-18 15:28:55', '2019-07-18 15:28:55', '\r\npessiamopodemos', 0),
(342, 'pensa', 'piensa', 28, '2019-07-18 15:28:55', '2019-07-18 15:28:55', '\r\npensapiensa', 0),
(343, 'chiediamo', 'pedimos', 28, '2019-07-18 15:28:55', '2019-07-18 15:28:55', '\r\nchiediamopedimos', 0),
(344, 'limpida', 'limpia', 28, '2019-07-18 15:28:55', '2019-07-18 15:28:55', '\r\nlimpidalimpia', 0),
(345, 'limpido', 'limpio', 28, '2019-07-18 15:28:55', '2019-07-18 15:28:55', '\r\nlimpidolimpio', 0),
(346, 'compriamo', 'compramos', 28, '2019-07-18 15:28:55', '2019-07-18 15:28:55', '\r\ncompriamocompramos', 0),
(347, 'impossibile', 'imposible', 28, '2019-07-18 15:28:55', '2019-07-18 15:28:55', '\r\nimpossibileimposible', 0),
(348, 'vecchia', 'vieja', 28, '2019-07-18 15:28:55', '2019-07-18 15:28:55', '\r\nvecchiavieja', 0),
(349, 'stesso', 'mismo', 28, '2019-07-18 15:28:55', '2019-07-18 15:28:55', '\r\nstessomismo', 0),
(350, 'perdo', 'pierdo', 28, '2019-07-18 15:28:55', '2019-07-18 15:28:55', '\r\nperdopierdo', 0),
(351, 'offre', 'ofrece', 28, '2019-07-18 15:28:55', '2019-07-18 15:28:55', '\r\noffreofrece', 0),
(352, 'giochiamo', 'jugamos', 28, '2019-07-18 15:28:55', '2019-07-18 15:28:55', '\r\ngiochiamojugamos', 0),
(353, 'proviamo', 'probamos', 28, '2019-07-18 15:28:55', '2019-07-18 15:28:55', '\r\nproviamoprobamos', 0),
(354, 'offro', 'ofrezco', 28, '2019-07-18 15:28:55', '2019-07-18 15:28:55', '\r\noffroofrezco', 0),
(355, 'gioca', 'juega', 28, '2019-07-18 15:28:55', '2019-07-18 15:28:55', '\r\ngiocajuega', 0),
(356, 'unisci', 'unes', 28, '2019-07-18 15:28:55', '2019-07-18 15:28:55', '\r\nunisciunes', 0),
(357, 'perde', 'pierde', 28, '2019-07-18 15:28:55', '2019-07-18 15:28:55', '\r\nperdepierde', 0),
(358, 'provo', 'pruebo', 28, '2019-07-18 15:28:56', '2019-07-18 15:28:56', '\r\nprovopruebo', 0),
(359, 'chiudi', 'cierras', 28, '2019-07-18 15:28:56', '2019-07-18 15:28:56', '\r\nchiudicierras', 0),
(360, 'succede', 'sucede, ocurre, pasa', 28, '2019-07-18 15:28:56', '2019-07-18 15:28:56', '\r\nsuccedesucede,ocurre,pasa', 0),
(361, 'ama', 'ama', 28, '2019-07-18 15:28:56', '2019-07-18 15:28:56', '\r\namaama', 0),
(362, 'aiuta', 'ayuda', 28, '2019-07-18 15:28:56', '2019-07-18 15:28:56', '\r\naiutaayuda', 0),
(363, 'indichi', 'indicas', 28, '2019-07-18 15:28:56', '2019-07-18 15:28:56', '\r\nindichiindicas', 0),
(364, 'costruiamo', 'construimos', 28, '2019-07-18 15:28:56', '2019-07-18 15:28:56', '\r\ncostruiamoconstruimos', 0),
(365, 'fa', 'hace', 28, '2019-07-18 15:28:56', '2019-07-18 15:28:56', '\r\nfahace', 0),
(366, 'fate', 'hacen', 28, '2019-07-18 15:28:56', '2019-07-18 15:28:56', '\r\nfatehacen', 0),
(367, 'stai', 'estas', 28, '2019-07-18 15:28:56', '2019-07-18 15:28:56', '\r\nstaiestas', 0),
(368, 'andiamo', 'vamos', 28, '2019-07-18 15:28:56', '2019-07-18 15:28:56', '\r\nandiamovamos', 0),
(369, 'trova', 'encuentra', 28, '2019-07-18 15:28:56', '2019-07-18 15:28:56', '\r\ntrovaencuentra', 0),
(370, 'diciamo', 'decimos', 28, '2019-07-18 15:28:56', '2019-07-18 15:28:56', '\r\ndiciamodecimos', 0),
(371, 'venite', 'vienen', 28, '2019-07-18 15:28:56', '2019-07-18 15:28:56', '\r\nvenitevienen', 0),
(372, 'venga', 'venga', 28, '2019-07-18 15:28:56', '2019-07-18 15:28:56', '\r\nvengavenga', 0),
(373, 'vai', 'vas', 28, '2019-07-18 15:28:56', '2019-07-18 15:28:56', '\r\nvaivas', 0),
(374, 'sappi', 'sabe', 28, '2019-07-18 15:28:56', '2019-07-18 15:28:56', '\r\nsappisabe', 0),
(375, 'dite', 'digan, dicen', 28, '2019-07-18 15:28:56', '2019-07-18 15:28:56', '\r\nditedigan,dicen', 0),
(376, 'andate', 'van', 28, '2019-07-18 15:28:56', '2019-07-18 15:28:56', '\r\nandatevan', 0),
(377, 'arrivate', 'llegan', 28, '2019-07-18 15:28:56', '2019-07-18 15:28:56', '\r\narrivatellegan', 0),
(378, 'chiedere', 'preguntar, pedir', 28, '2019-07-18 15:28:56', '2019-07-18 15:28:56', '\r\nchiederepreguntar,pedir', 0),
(379, 'chieda', 'pregunte, pida', 28, '2019-07-18 15:28:57', '2019-07-18 15:28:57', '\r\nchiedapregunte,pida', 0),
(380, 'chiedi', 'pides, preguntas', 28, '2019-07-18 15:28:57', '2019-07-18 15:28:57', '\r\nchiedipides,preguntas', 0),
(381, 'lascia', 'deja', 28, '2019-07-18 15:28:57', '2019-07-18 15:28:57', '\r\nlasciadeja', 0),
(382, 'prendi', 'tomas', 28, '2019-07-18 15:28:57', '2019-07-18 15:28:57', '\r\nprenditomas', 0),
(383, 'metti', 'pones', 28, '2019-07-18 15:28:57', '2019-07-18 15:28:57', '\r\nmettipones', 0),
(384, 'lasciate', 'dejan', 28, '2019-07-18 15:28:57', '2019-07-18 15:28:57', '\r\nlasciatedejan', 0),
(385, 'chiedete', 'piden, preguntan', 28, '2019-07-18 15:28:57', '2019-07-18 15:28:57', '\r\nchiedetepiden,preguntan', 0),
(386, 'senti', 'oyes, sientes', 28, '2019-07-18 15:28:57', '2019-07-18 15:28:57', '\r\nsentioyes,sientes', 0),
(387, 'entra', 'entra', 28, '2019-07-18 15:28:57', '2019-07-18 15:28:57', '\r\nentraentra', 0),
(388, 'rimani', 'permaneces', 28, '2019-07-18 15:28:57', '2019-07-18 15:28:57', '\r\nrimanipermaneces', 0),
(389, 'entrate', 'entran', 28, '2019-07-18 15:28:57', '2019-07-18 15:28:57', '\r\nentrateentran', 0),
(390, 'vivi', 'vives', 28, '2019-07-18 15:28:57', '2019-07-18 15:28:57', '\r\nvivivives', 0),
(391, 'viva', 'viva', 28, '2019-07-18 15:28:57', '2019-07-18 15:28:57', '\r\nvivaviva', 0),
(392, 'rimanete', 'permaneces', 28, '2019-07-18 15:28:57', '2019-07-18 15:28:57', '\r\nrimanetepermaneces', 0),
(393, 'lavorate', 'trabajan', 28, '2019-07-18 15:28:57', '2019-07-18 15:28:57', '\r\nlavoratetrabajan', 0),
(394, 'rimanga', 'permanezca', 28, '2019-07-18 15:28:57', '2019-07-18 15:28:57', '\r\nrimangapermanezca', 0),
(395, 'tieni', 'manten, mantienes', 28, '2019-07-18 15:28:57', '2019-07-18 15:28:57', '\r\ntienimanten,mantienes', 0),
(396, 'passa', 'pasa', 28, '2019-07-18 15:28:57', '2019-07-18 15:28:57', '\r\npassapasa', 0),
(397, 'lavora', 'trabaja', 28, '2019-07-18 15:28:57', '2019-07-18 15:28:57', '\r\nlavoratrabaja', 0),
(398, 'teniamo', 'mantenemos, mantengamos', 28, '2019-07-18 15:28:57', '2019-07-18 15:28:57', '\r\nteniamomantenemos,mantengamos', 0),
(399, 'ricordate', 'recuerden', 28, '2019-07-18 15:28:57', '2019-07-18 15:28:57', '\r\nricordaterecuerden', 0),
(400, 'usate', 'usan', 28, '2019-07-18 15:28:57', '2019-07-18 15:28:57', '\r\nusateusan', 0),
(401, 'guarda', 'mira', 28, '2019-07-18 15:28:58', '2019-07-18 15:28:58', '\r\nguardamira', 0),
(402, 'apri', 'abres', 28, '2019-07-18 15:28:58', '2019-07-18 15:28:58', '\r\napriabres', 0),
(403, 'usi', 'usas', 28, '2019-07-18 15:28:58', '2019-07-18 15:28:58', '\r\nusiusas', 0),
(404, 'seguite', 'sigan', 28, '2019-07-18 15:28:58', '2019-07-18 15:28:58', '\r\nseguitesigan', 0),
(405, 'segui', 'sigue', 28, '2019-07-18 15:28:58', '2019-07-18 15:28:58', '\r\nseguisigue', 0),
(406, 'ricorda', 'recuerda', 28, '2019-07-18 15:28:58', '2019-07-18 15:28:58', '\r\nricordarecuerda', 0),
(407, 'aspetta', 'espera', 28, '2019-07-18 15:28:58', '2019-07-18 15:28:58', '\r\naspettaespera', 0),
(408, 'contro', 'contra', 28, '2019-07-18 15:28:58', '2019-07-18 15:28:58', '\r\ncontrocontra', 0),
(409, 'certe', 'ciertas', 28, '2019-07-18 15:28:58', '2019-07-18 15:28:58', '\r\ncerteciertas', 0),
(410, 'nostra', 'nuestra', 28, '2019-07-18 15:28:58', '2019-07-18 15:28:58', '\r\nnostranuestra', 0),
(411, 'entro', 'entro', 28, '2019-07-18 15:28:58', '2019-07-18 15:28:58', '\r\nentroentro', 0),
(412, 'mio', 'mio', 28, '2019-07-18 15:28:59', '2019-07-18 15:28:59', '\r\nmiomio', 0),
(413, 'dammi', 'dame', 28, '2019-07-18 15:28:59', '2019-07-18 15:28:59', '\r\ndammidame', 0),
(414, 'scrivere', 'escribir', 28, '2019-07-18 15:28:59', '2019-07-18 15:28:59', '\r\nscrivereescribir', 0),
(415, 'aspettare', 'esperar', 28, '2019-07-18 15:28:59', '2019-07-18 15:28:59', '\r\naspettareesperar', 0),
(416, 'donna', 'mujer', 28, '2019-07-18 15:28:59', '2019-07-18 15:28:59', '\r\ndonnamujer', 0),
(417, 'chi', 'quien', 28, '2019-07-18 15:28:59', '2019-07-18 15:28:59', '\r\nchiquien', 0),
(418, 'tu', 'tu', 28, '2019-07-18 15:28:59', '2019-07-18 15:28:59', '\r\ntutu', 0),
(419, 'ciò', 'lo(quello è tutto ciò che ho da dire)', 28, '2019-07-18 15:28:59', '2019-07-18 15:28:59', '\r\nciòlo(quelloètuttociòchehodadire)', 0),
(420, 'dire', 'decir', 28, '2019-07-18 15:28:59', '2019-07-18 15:28:59', '\r\ndiredecir', 0),
(421, 'avere', 'tener, haber', 28, '2019-07-18 15:28:59', '2019-07-18 15:28:59', '\r\naveretener,haber', 0),
(422, 'stare', 'estar', 28, '2019-07-18 15:28:59', '2019-07-18 15:28:59', '\r\nstareestar', 0),
(423, 'società', 'sociedad', 28, '2019-07-18 15:28:59', '2019-07-18 15:28:59', '\r\nsocietàsociedad', 0),
(424, 'tipo', 'tipo', 28, '2019-07-18 15:28:59', '2019-07-18 15:28:59', '\r\ntipotipo', 0),
(425, 'struttura', 'estructura', 28, '2019-07-18 15:28:59', '2019-07-18 15:28:59', '\r\nstrutturaestructura', 0),
(426, 'programmi', 'programas', 28, '2019-07-18 15:29:00', '2019-07-18 15:29:00', '\r\nprogrammiprogramas', 0),
(427, 'programma', 'programa', 28, '2019-07-18 15:29:00', '2019-07-18 15:29:00', '\r\nprogrammaprograma', 0),
(428, 'risultati', 'resultados', 28, '2019-07-18 15:29:00', '2019-07-18 15:29:00', '\r\nrisultatiresultados', 0),
(429, 'effetti', 'efectos', 28, '2019-07-18 15:29:00', '2019-07-18 15:29:00', '\r\neffettiefectos', 0),
(430, 'situazione', 'situacion', 28, '2019-07-18 15:29:00', '2019-07-18 15:29:00', '\r\nsituazionesituacion', 0),
(431, 'risultato', 'resultado', 28, '2019-07-18 15:29:00', '2019-07-18 15:29:00', '\r\nrisultatoresultado', 0),
(432, 'situazioni', 'situaciones', 28, '2019-07-18 15:29:00', '2019-07-18 15:29:00', '\r\nsituazionisituaciones', 0),
(433, 'effetto', 'efecto', 28, '2019-07-18 15:29:00', '2019-07-18 15:29:00', '\r\neffettoefecto', 0),
(434, 'possibilità', 'posibilidad', 28, '2019-07-18 15:29:00', '2019-07-18 15:29:00', '\r\npossibilitàposibilidad', 0),
(435, 'presenza', 'presencia', 28, '2019-07-18 15:29:00', '2019-07-18 15:29:00', '\r\npresenzapresencia', 0),
(436, 'zone', 'zona', 28, '2019-07-18 15:29:00', '2019-07-18 15:29:00', '\r\nzonezona', 0),
(437, 'esperienza', 'experiencia', 28, '2019-07-18 15:29:00', '2019-07-18 15:29:00', '\r\nesperienzaexperiencia', 0),
(438, 'azione', 'accion', 28, '2019-07-18 15:29:00', '2019-07-18 15:29:00', '\r\nazioneaccion', 0),
(439, 'zona', 'zona', 28, '2019-07-18 15:29:00', '2019-07-18 15:29:00', '\r\nzonazona', 0),
(440, 'processo', 'preceso', 28, '2019-07-18 15:29:00', '2019-07-18 15:29:00', '\r\nprocessopreceso', 0),
(441, 'ragioni', 'razones', 28, '2019-07-18 15:29:00', '2019-07-18 15:29:00', '\r\nragionirazones', 0),
(442, 'processi', 'procesos', 28, '2019-07-18 15:29:00', '2019-07-18 15:29:00', '\r\nprocessiprocesos', 0),
(443, 'esperienze', 'experiencias', 28, '2019-07-18 15:29:00', '2019-07-18 15:29:00', '\r\nesperienzeexperiencias', 0),
(444, 'ragione', 'razon', 28, '2019-07-18 15:29:00', '2019-07-18 15:29:00', '\r\nragionerazon', 0),
(445, 'qualità', 'cualiad', 28, '2019-07-18 15:29:00', '2019-07-18 15:29:00', '\r\nqualitàcualiad', 0),
(446, 'perdere', 'perder', 28, '2019-07-18 15:29:00', '2019-07-18 15:29:00', '\r\nperdereperder', 0),
(447, 'motivi', 'motivos', 28, '2019-07-18 15:29:00', '2019-07-18 15:29:00', '\r\nmotivimotivos', 0),
(448, 'obiettivi', 'objetivos', 28, '2019-07-18 15:29:01', '2019-07-18 15:29:01', '\r\nobiettiviobjetivos', 0),
(449, 'motivo', 'motivo', 28, '2019-07-18 15:29:01', '2019-07-18 15:29:01', '\r\nmotivomotivo', 0),
(450, 'sicurezza', 'seguridad', 28, '2019-07-18 15:29:01', '2019-07-18 15:29:01', '\r\nsicurezzaseguridad', 0),
(451, 'occasione', 'ocasion', 28, '2019-07-18 15:29:01', '2019-07-18 15:29:01', '\r\noccasioneocasion', 0),
(452, 'fase', 'fase', 28, '2019-07-18 15:29:01', '2019-07-18 15:29:01', '\r\nfasefase', 0),
(453, 'fasi', 'fases', 28, '2019-07-18 15:29:01', '2019-07-18 15:29:01', '\r\nfasifases', 0),
(454, 'obiettivo', 'objetivos', 28, '2019-07-18 15:29:01', '2019-07-18 15:29:01', '\r\nobiettivoobjetivos', 0),
(455, 'necessità', 'necesidad', 28, '2019-07-18 15:29:01', '2019-07-18 15:29:01', '\r\nnecessitànecesidad', 0),
(456, 'autorità', 'autoridad', 28, '2019-07-18 15:29:01', '2019-07-18 15:29:01', '\r\nautoritàautoridad', 0),
(457, 'allo', 'al', 28, '2019-07-18 15:29:01', '2019-07-18 15:29:01', '\r\nalloal', 0),
(458, 'guardare', 'mirar', 28, '2019-07-18 15:29:01', '2019-07-18 15:29:01', '\r\nguardaremirar', 0),
(459, 'movimenti', 'movimientos', 28, '2019-07-18 15:29:01', '2019-07-18 15:29:01', '\r\nmovimentimovimientos', 0),
(460, 'decisioni', 'decisiones', 28, '2019-07-18 15:29:01', '2019-07-18 15:29:01', '\r\ndecisionidecisiones', 0),
(461, 'personaggio', 'personaje', 28, '2019-07-18 15:29:01', '2019-07-18 15:29:01', '\r\npersonaggiopersonaje', 0),
(462, 'decisione', 'decisión', 28, '2019-07-18 15:29:01', '2019-07-18 15:29:01', '\r\ndecisionedecisión', 0),
(463, 'rischi', 'riesgos', 28, '2019-07-18 15:29:01', '2019-07-18 15:29:01', '\r\nrischiriesgos', 0),
(464, 'personaggi', 'personajes', 28, '2019-07-18 15:29:01', '2019-07-18 15:29:01', '\r\npersonaggipersonajes', 0),
(465, 'del', 'del', 28, '2019-07-18 15:29:01', '2019-07-18 15:29:01', '\r\ndeldel', 0),
(466, 'insieme', 'juntos', 28, '2019-07-18 15:29:02', '2019-07-18 15:29:02', '\r\ninsiemejuntos', 0),
(467, 'questa', 'esta', 28, '2019-07-18 15:29:02', '2019-07-18 15:29:02', '\r\nquestaesta', 0),
(468, 'nella', 'en la', 28, '2019-07-18 15:29:02', '2019-07-18 15:29:02', '\r\nnellaenla', 0),
(469, 'origine', 'origen', 28, '2019-07-18 15:29:02', '2019-07-18 15:29:02', '\r\norigineorigen', 0),
(470, 'vittime', 'victima', 28, '2019-07-18 15:29:02', '2019-07-18 15:29:02', '\r\nvittimevictima', 0),
(471, 'costruzioni', 'construcciones', 28, '2019-07-18 15:29:02', '2019-07-18 15:29:02', '\r\ncostruzioniconstrucciones', 0),
(472, 'categorie', 'caegorias', 28, '2019-07-18 15:29:02', '2019-07-18 15:29:02', '\r\ncategoriecaegorias', 0),
(473, 'sezione', 'sesion', 28, '2019-07-18 15:29:02', '2019-07-18 15:29:02', '\r\nsezionesesion', 0),
(474, 'passo', 'paso', 28, '2019-07-18 15:29:02', '2019-07-18 15:29:02', '\r\npassopaso', 0),
(475, 'vittima', 'victima', 28, '2019-07-18 15:29:02', '2019-07-18 15:29:02', '\r\nvittimavictima', 0),
(476, 'costruzione', 'construccion', 28, '2019-07-18 15:29:02', '2019-07-18 15:29:02', '\r\ncostruzioneconstruccion', 0),
(477, 'categoria', 'categoria', 28, '2019-07-18 15:29:02', '2019-07-18 15:29:02', '\r\ncategoriacategoria', 0),
(478, 'versione', 'version', 28, '2019-07-18 15:29:02', '2019-07-18 15:29:02', '\r\nversioneversion', 0),
(479, 'internet', 'internet', 28, '2019-07-18 15:29:02', '2019-07-18 15:29:02', '\r\ninternetinternet', 0),
(480, 'lei', 'ella', 28, '2019-07-18 15:29:02', '2019-07-18 15:29:02', '\r\nleiella', 0),
(481, 'difficoltà', 'dificultad', 28, '2019-07-18 15:29:02', '2019-07-18 15:29:02', '\r\ndifficoltàdificultad', 0),
(482, 'capacità', 'capacidad', 28, '2019-07-18 15:29:02', '2019-07-18 15:29:02', '\r\ncapacitàcapacidad', 0),
(483, 'delle', 'de las', 28, '2019-07-18 15:29:02', '2019-07-18 15:29:02', '\r\ndelledelas', 0),
(484, 'differenza', 'diferencia', 28, '2019-07-18 15:29:02', '2019-07-18 15:29:02', '\r\ndifferenzadiferencia', 0),
(485, 'conseguenze', 'consecuencias', 28, '2019-07-18 15:29:02', '2019-07-18 15:29:02', '\r\nconseguenzeconsecuencias', 0),
(486, 'maggioranza', 'mayoría', 28, '2019-07-18 15:29:03', '2019-07-18 15:29:03', '\r\nmaggioranzamayoría', 0),
(487, 'differenze', 'diferencias', 28, '2019-07-18 15:29:03', '2019-07-18 15:29:03', '\r\ndifferenzediferencias', 0),
(488, 'conseguenza', 'consecuencia', 28, '2019-07-18 15:29:03', '2019-07-18 15:29:03', '\r\nconseguenzaconsecuencia', 0),
(489, 'danni', 'daños', 28, '2019-07-18 15:29:03', '2019-07-18 15:29:03', '\r\ndannidaños', 0),
(490, 'responsabilità', 'responsabilidad', 28, '2019-07-18 15:29:03', '2019-07-18 15:29:03', '\r\nresponsabilitàresponsabilidad', 0),
(491, 'fare', 'hacer', 28, '2019-07-18 15:29:03', '2019-07-18 15:29:03', '\r\nfarehacer', 0),
(492, 'forse', 'quizás, tal vez', 28, '2019-07-18 15:29:03', '2019-07-18 15:29:03', '\r\nforsequizás,talvez', 0),
(493, 'pratica', 'práctica', 28, '2019-07-18 15:29:03', '2019-07-18 15:29:03', '\r\npraticapráctica', 0),
(494, 'presentazione', 'presentacion', 28, '2019-07-18 15:29:03', '2019-07-18 15:29:03', '\r\npresentazionepresentacion', 0),
(495, 'crescita', 'crecimiento', 28, '2019-07-18 15:29:03', '2019-07-18 15:29:03', '\r\ncrescitacrecimiento', 0);
INSERT INTO `italianos` (`id`, `palabra`, `significado`, `id_categoria`, `created_at`, `updated_at`, `slug`, `favorita`) VALUES
(496, 'fenomeno', 'fenomeno', 28, '2019-07-18 15:29:03', '2019-07-18 15:29:03', '\r\nfenomenofenomeno', 0),
(497, 'tradizione', 'tradicion', 28, '2019-07-18 15:29:03', '2019-07-18 15:29:03', '\r\ntradizionetradicion', 0),
(498, 'epoca', 'epoca', 28, '2019-07-18 15:29:03', '2019-07-18 15:29:03', '\r\nepocaepoca', 0),
(499, 'fenomeni', 'fenomenos', 28, '2019-07-18 15:29:03', '2019-07-18 15:29:03', '\r\nfenomenifenomenos', 0),
(500, 'favore', 'favor', 28, '2019-07-18 15:29:04', '2019-07-18 15:29:04', '\r\nfavorefavor', 0),
(501, 'nero', 'negro', 29, '2019-07-18 15:35:04', '2019-07-18 15:35:04', 'neronegro', 0),
(502, 'azzurri', 'azules', 29, '2019-07-18 15:35:04', '2019-07-18 15:35:04', '\r\nazzurriazules', 0),
(503, 'azzurro', 'azul', 29, '2019-07-18 15:35:04', '2019-07-18 15:35:04', '\r\nazzurroazul', 0),
(504, 'arancione', 'naranja', 29, '2019-07-18 15:35:04', '2019-07-18 15:35:04', '\r\narancionenaranja', 0),
(505, 'rossi', 'rojos', 29, '2019-07-18 15:35:04', '2019-07-18 15:35:04', '\r\nrossirojos', 0),
(506, 'rossa', 'roja', 29, '2019-07-18 15:35:04', '2019-07-18 15:35:04', '\r\nrossaroja', 0),
(507, 'rosse', 'rojas', 29, '2019-07-18 15:35:04', '2019-07-18 15:35:04', '\r\nrosserojas', 0),
(508, 'colore', 'color', 29, '2019-07-18 15:35:04', '2019-07-18 15:35:04', '\r\ncolorecolor', 0),
(509, 'colori', 'colores', 29, '2019-07-18 15:35:04', '2019-07-18 15:35:04', '\r\ncoloricolores', 0),
(510, 'bianche', 'blancas', 29, '2019-07-18 15:35:05', '2019-07-18 15:35:05', '\r\nbiancheblancas', 0),
(511, 'bianca', 'blanca', 29, '2019-07-18 15:35:05', '2019-07-18 15:35:05', '\r\nbiancablanca', 0),
(512, 'rosso', 'rojo', 29, '2019-07-18 15:35:05', '2019-07-18 15:35:05', '\r\nrossorojo', 0),
(513, 'arancioni', 'naranjas', 29, '2019-07-18 15:35:05', '2019-07-18 15:35:05', '\r\narancioninaranjas', 0),
(514, 'viola', 'violeta', 29, '2019-07-18 15:35:05', '2019-07-18 15:35:05', '\r\nviolavioleta', 0),
(515, 'rosa', 'rosa', 29, '2019-07-18 15:35:05', '2019-07-18 15:35:05', '\r\nrosarosa', 0),
(516, 'colorati', 'colorados', 29, '2019-07-18 15:35:05', '2019-07-18 15:35:05', '\r\ncoloraticolorados', 0),
(517, 'grigio', 'gris(elefante e grigio)', 29, '2019-07-18 15:35:05', '2019-07-18 15:35:05', '\r\ngrigiogris(elefanteegrigio)', 0),
(518, 'grigia', 'gris(camicia e grigia)', 29, '2019-07-18 15:35:05', '2019-07-18 15:35:05', '\r\ngrigiagris(camiciaegrigia)', 0),
(519, 'azzurre', 'azules', 29, '2019-07-18 15:35:05', '2019-07-18 15:35:05', '\r\nazzurreazules', 0),
(520, 'azzurra', 'azul', 29, '2019-07-18 15:35:05', '2019-07-18 15:35:05', '\r\nazzurraazul', 0),
(521, 'grigie', 'grises', 29, '2019-07-18 15:35:05', '2019-07-18 15:35:05', '\r\ngrigiegrises', 0),
(522, 'bianco', 'blanco', 29, '2019-07-18 15:35:05', '2019-07-18 15:35:05', '\r\nbiancoblanco', 0),
(523, 'marrone', 'marron', 29, '2019-07-18 15:35:05', '2019-07-18 15:35:05', '\r\nmarronemarron', 0),
(524, 'gialle', 'amarillas', 29, '2019-07-18 15:35:05', '2019-07-18 15:35:05', '\r\ngialleamarillas', 0),
(525, 'gialla', 'amarillo', 29, '2019-07-18 15:35:05', '2019-07-18 15:35:05', '\r\ngiallaamarillo', 0),
(526, 'verde', 'verde', 29, '2019-07-18 15:35:05', '2019-07-18 15:35:05', '\r\nverdeverde', 0),
(527, 'colorata', 'colorada', 29, '2019-07-18 15:35:05', '2019-07-18 15:35:05', '\r\ncoloratacolorada', 0),
(528, 'gialli', 'amarillos', 29, '2019-07-18 15:35:05', '2019-07-18 15:35:05', '\r\ngialliamarillos', 0),
(529, 'giorno', 'dia', 30, '2019-07-18 15:43:00', '2019-07-18 15:43:00', 'giornodia', 0),
(530, 'anni', 'años', 30, '2019-07-18 15:43:00', '2019-07-18 15:43:00', '\r\nanniaños', 0),
(531, 'quotidiano', 'diario', 30, '2019-07-18 15:43:00', '2019-07-18 15:43:00', '\r\nquotidianodiario', 0),
(532, 'anno', 'año', 30, '2019-07-18 15:43:00', '2019-07-18 15:43:00', '\r\nannoaño', 0),
(533, 'secolo', 'siglo', 30, '2019-07-18 15:43:01', '2019-07-18 15:43:01', '\r\nsecolosiglo', 0),
(534, 'mezzogiorno', 'mediodia', 30, '2019-07-18 15:43:01', '2019-07-18 15:43:01', '\r\nmezzogiornomediodia', 0),
(535, 'sabato', 'sabado', 30, '2019-07-18 15:43:01', '2019-07-18 15:43:01', '\r\nsabatosabado', 0),
(536, 'domenica', 'domingo', 30, '2019-07-18 15:43:01', '2019-07-18 15:43:01', '\r\ndomenicadomingo', 0),
(537, 'martedì', 'martes', 30, '2019-07-18 15:43:01', '2019-07-18 15:43:01', '\r\nmartedìmartes', 0),
(538, 'gennaio', 'enero', 30, '2019-07-18 15:43:01', '2019-07-18 15:43:01', '\r\ngennaioenero', 0),
(539, 'febbraio', 'febrero', 30, '2019-07-18 15:43:01', '2019-07-18 15:43:01', '\r\nfebbraiofebrero', 0),
(540, 'mercoledì', 'miercoles', 30, '2019-07-18 15:43:01', '2019-07-18 15:43:01', '\r\nmercoledìmiercoles', 0),
(541, 'stasera', 'esta noche', 30, '2019-07-18 15:43:01', '2019-07-18 15:43:01', '\r\nstaseraestanoche', 0),
(542, 'venerdì', 'viernes', 30, '2019-07-18 15:43:01', '2019-07-18 15:43:01', '\r\nvenerdìviernes', 0),
(543, 'oggi', 'hoy', 30, '2019-07-18 15:43:01', '2019-07-18 15:43:01', '\r\noggihoy', 0),
(544, 'ieri', 'ayer', 30, '2019-07-18 15:43:01', '2019-07-18 15:43:01', '\r\nieriayer', 0),
(545, 'domani', 'mañana', 30, '2019-07-18 15:43:01', '2019-07-18 15:43:01', '\r\ndomanimañana', 0),
(546, 'marzo', 'marzo', 30, '2019-07-18 15:43:01', '2019-07-18 15:43:01', '\r\nmarzomarzo', 0),
(547, 'aprile', 'abril', 30, '2019-07-18 15:43:01', '2019-07-18 15:43:01', '\r\naprileabril', 0),
(548, 'giugno', 'junio', 30, '2019-07-18 15:43:01', '2019-07-18 15:43:01', '\r\ngiugnojunio', 0),
(549, 'luglio', 'julio', 30, '2019-07-18 15:43:01', '2019-07-18 15:43:01', '\r\nlugliojulio', 0),
(550, 'agosto', 'agosto', 30, '2019-07-18 15:43:01', '2019-07-18 15:43:01', '\r\nagostoagosto', 0),
(551, 'settembre', 'septiembre', 30, '2019-07-18 15:43:01', '2019-07-18 15:43:01', '\r\nsettembreseptiembre', 0),
(552, 'ottobre', 'octubre', 30, '2019-07-18 15:43:01', '2019-07-18 15:43:01', '\r\nottobreoctubre', 0),
(553, 'novembre', 'noviembre', 30, '2019-07-18 15:43:02', '2019-07-18 15:43:02', '\r\nnovembrenoviembre', 0),
(554, 'dicembre', 'diciembre', 30, '2019-07-18 15:43:02', '2019-07-18 15:43:02', '\r\ndicembrediciembre', 0),
(555, 'date', 'fechas', 30, '2019-07-18 15:43:02', '2019-07-18 15:43:02', '\r\ndatefechas', 0),
(556, 'ora', 'hora', 30, '2019-07-18 15:43:02', '2019-07-18 15:43:02', '\r\norahora', 0),
(557, 'decennio', 'decada', 30, '2019-07-18 15:43:02', '2019-07-18 15:43:02', '\r\ndecenniodecada', 0),
(558, 'decenni', 'decadas', 30, '2019-07-18 15:43:02', '2019-07-18 15:43:02', '\r\ndecennidecadas', 0),
(559, 'data', 'fecha', 30, '2019-07-18 15:43:02', '2019-07-18 15:43:02', '\r\ndatafecha', 0),
(560, 'ore', 'horas', 30, '2019-07-18 15:43:02', '2019-07-18 15:43:02', '\r\norehoras', 0),
(561, 'primavera', 'primavera', 30, '2019-07-18 15:43:02', '2019-07-18 15:43:02', '\r\nprimaveraprimavera', 0),
(562, 'estate', 'verano', 30, '2019-07-18 15:43:02', '2019-07-18 15:43:02', '\r\nestateverano', 0),
(563, 'autunno', 'otoño', 30, '2019-07-18 15:43:02', '2019-07-18 15:43:02', '\r\nautunnootoño', 0),
(564, 'inverno', 'invierno', 30, '2019-07-18 15:43:02', '2019-07-18 15:43:02', '\r\ninvernoinvierno', 0),
(565, 'feste', 'fiestas', 30, '2019-07-18 15:43:02', '2019-07-18 15:43:02', '\r\nfestefiestas', 0),
(566, 'festa', 'fiesta', 30, '2019-07-18 15:43:02', '2019-07-18 15:43:02', '\r\nfestafiesta', 0),
(567, 'ritardo', 'tarde, retrasado', 30, '2019-07-18 15:43:02', '2019-07-18 15:43:02', '\r\nritardotarde,retrasado', 0),
(568, 'mese', 'mes', 30, '2019-07-18 15:43:02', '2019-07-18 15:43:02', '\r\nmesemes', 0),
(569, 'pomeriggio', 'tarde', 30, '2019-07-18 15:43:02', '2019-07-18 15:43:02', '\r\npomeriggiotarde', 0),
(570, 'compleanno', 'cumpleaño', 30, '2019-07-18 15:43:02', '2019-07-18 15:43:02', '\r\ncompleannocumpleaño', 0),
(571, 'settimane', 'semanas', 30, '2019-07-18 15:43:02', '2019-07-18 15:43:02', '\r\nsettimanesemanas', 0),
(572, 'secondi', 'segundos', 30, '2019-07-18 15:43:02', '2019-07-18 15:43:02', '\r\nsecondisegundos', 0),
(573, 'mezzanotte', 'medianoche', 30, '2019-07-18 15:43:02', '2019-07-18 15:43:02', '\r\nmezzanottemedianoche', 0),
(574, 'settimana', 'semana', 30, '2019-07-18 15:43:02', '2019-07-18 15:43:02', '\r\nsettimanasemana', 0),
(575, 'mattina', 'mañana', 30, '2019-07-18 15:43:03', '2019-07-18 15:43:03', '\r\nmattinamañana', 0),
(576, 'calendario', 'calendario', 30, '2019-07-18 15:43:03', '2019-07-18 15:43:03', '\r\ncalendariocalendario', 0),
(577, 'sera', 'noche', 30, '2019-07-18 15:43:03', '2019-07-18 15:43:03', '\r\nseranoche', 0),
(578, 'periodo', 'periodo', 30, '2019-07-18 15:43:03', '2019-07-18 15:43:03', '\r\nperiodoperiodo', 0),
(579, 'momento', 'momento', 30, '2019-07-18 15:43:03', '2019-07-18 15:43:03', '\r\nmomentomomento', 0),
(580, 'minuti', 'minutos', 30, '2019-07-18 15:43:03', '2019-07-18 15:43:03', '\r\nminutiminutos', 0),
(581, 'maggio', 'mayo', 30, '2019-07-18 15:43:03', '2019-07-18 15:43:03', '\r\nmaggiomayo', 0),
(582, 'minuto', 'minuto', 30, '2019-07-18 15:43:03', '2019-07-18 15:43:03', '\r\nminutominuto', 0),
(583, 'notte', 'noche', 30, '2019-07-18 15:43:03', '2019-07-18 15:43:03', '\r\nnottenoche', 0),
(584, 'tempo', 'tiempo', 30, '2019-07-18 15:43:03', '2019-07-18 15:43:03', '\r\ntempotiempo', 0),
(585, 'tardi', 'tardes', 30, '2019-07-18 15:43:03', '2019-07-18 15:43:03', '\r\ntarditardes', 0),
(586, 'stamattina', 'esta mañana', 30, '2019-07-18 15:43:03', '2019-07-18 15:43:03', '\r\nstamattinaestamañana', 0),
(587, 'lunedì', 'lunes', 30, '2019-07-18 15:43:03', '2019-07-18 15:43:03', '\r\nlunedìlunes', 0),
(588, 'settimanalmente', 'semanalmente', 30, '2019-07-18 15:43:03', '2019-07-18 15:43:03', '\r\nsettimanalmentesemanalmente', 0),
(589, 'stanotte', 'esta noche', 30, '2019-07-18 15:43:03', '2019-07-18 15:43:03', '\r\nstanotteestanoche', 0),
(590, 'giovedì', 'jueves', 30, '2019-07-18 15:43:03', '2019-07-18 15:43:03', '\r\ngiovedìjueves', 0),
(591, 'libri', 'libros', 31, '2019-07-18 18:43:08', '2019-07-18 18:43:08', 'librilibros', 0),
(592, 'giornali', 'periodico', 31, '2019-07-18 18:43:08', '2019-07-18 18:43:08', '\r\ngiornaliperiodico', 0),
(593, 'libro', 'libro', 31, '2019-07-18 18:43:08', '2019-07-18 18:43:08', '\r\nlibrolibro', 0),
(594, 'finestre', 'ventanas', 31, '2019-07-18 18:43:09', '2019-07-18 18:43:09', '\r\nfinestreventanas', 0),
(595, 'sedia', 'silla', 31, '2019-07-18 18:43:09', '2019-07-18 18:43:09', '\r\nsediasilla', 0),
(596, 'giocattoli', 'juguetes', 31, '2019-07-18 18:43:09', '2019-07-18 18:43:09', '\r\ngiocattolijuguetes', 0),
(597, 'ombrelli', 'paraguas', 31, '2019-07-18 18:43:09', '2019-07-18 18:43:09', '\r\nombrelliparaguas', 0),
(598, 'tappeto', 'alfombra', 31, '2019-07-18 18:43:09', '2019-07-18 18:43:09', '\r\ntappetoalfombra', 0),
(599, 'tappeti', 'alfombras', 31, '2019-07-18 18:43:09', '2019-07-18 18:43:09', '\r\ntappetialfombras', 0),
(600, 'chiave', 'llave', 31, '2019-07-18 18:43:09', '2019-07-18 18:43:09', '\r\nchiavellave', 0),
(601, 'giocattolo', 'jugete', 31, '2019-07-18 18:43:09', '2019-07-18 18:43:09', '\r\ngiocattolojugete', 0),
(602, 'finestra', 'ventana', 31, '2019-07-18 18:43:09', '2019-07-18 18:43:09', '\r\nfinestraventana', 0),
(603, 'spazzolino', 'cepillo', 31, '2019-07-18 18:43:09', '2019-07-18 18:43:09', '\r\nspazzolinocepillo', 0),
(604, 'lenzuola', 'sabanas', 31, '2019-07-18 18:43:09', '2019-07-18 18:43:09', '\r\nlenzuolasabanas', 0),
(605, 'busta', 'sobre(para cartas)', 31, '2019-07-18 18:43:09', '2019-07-18 18:43:09', '\r\nbustasobre(paracartas)', 0),
(606, 'diario', 'diario', 31, '2019-07-18 18:43:09', '2019-07-18 18:43:09', '\r\ndiariodiario', 0),
(607, 'pettine', 'peine', 31, '2019-07-18 18:43:09', '2019-07-18 18:43:09', '\r\npettinepeine', 0),
(608, 'scatole', 'cajas', 31, '2019-07-18 18:43:09', '2019-07-18 18:43:09', '\r\nscatolecajas', 0),
(609, 'motore', 'motor', 31, '2019-07-18 18:43:09', '2019-07-18 18:43:09', '\r\nmotoremotor', 0),
(610, 'spazzola', 'cepillo', 31, '2019-07-18 18:43:09', '2019-07-18 18:43:09', '\r\nspazzolacepillo', 0),
(611, 'computer', 'computadora', 31, '2019-07-18 18:43:09', '2019-07-18 18:43:09', '\r\ncomputercomputadora', 0),
(612, 'scatola', 'caja', 31, '2019-07-18 18:43:09', '2019-07-18 18:43:09', '\r\nscatolacaja', 0),
(613, 'pezzi', 'piezas, pedazos', 31, '2019-07-18 18:43:09', '2019-07-18 18:43:09', '\r\npezzipiezas,pedazos', 0),
(614, 'ventilatore', 'ventilador', 31, '2019-07-18 18:43:09', '2019-07-18 18:43:09', '\r\nventilatoreventilador', 0),
(615, 'pezzo', 'pedazo', 31, '2019-07-18 18:43:09', '2019-07-18 18:43:09', '\r\npezzopedazo', 0),
(616, 'regali', 'regalos', 31, '2019-07-18 18:43:10', '2019-07-18 18:43:10', '\r\nregaliregalos', 0),
(617, 'regalo', 'regalo', 31, '2019-07-18 18:43:10', '2019-07-18 18:43:10', '\r\nregaloregalo', 0),
(618, 'oggetti', 'objetos', 31, '2019-07-18 18:43:10', '2019-07-18 18:43:10', '\r\noggettiobjetos', 0),
(619, 'oggetto', 'objeto', 31, '2019-07-18 18:43:10', '2019-07-18 18:43:10', '\r\noggettoobjeto', 0),
(620, 'flauti', 'flautas', 31, '2019-07-18 18:43:10', '2019-07-18 18:43:10', '\r\nflautiflautas', 0),
(621, 'violino', 'violin', 31, '2019-07-18 18:43:10', '2019-07-18 18:43:10', '\r\nviolinoviolin', 0),
(622, 'cosa', 'que, cosa', 31, '2019-07-18 18:43:10', '2019-07-18 18:43:10', '\r\ncosaque,cosa', 0),
(623, 'ruota', 'rueda', 31, '2019-07-18 18:43:10', '2019-07-18 18:43:10', '\r\nruotarueda', 0),
(624, 'flauto', 'flauta', 31, '2019-07-18 18:43:10', '2019-07-18 18:43:10', '\r\nflautoflauta', 0),
(625, 'fogli', 'hojas', 31, '2019-07-18 18:43:10', '2019-07-18 18:43:10', '\r\nfoglihojas', 0),
(626, 'schermo', 'pantalla', 31, '2019-07-18 18:43:10', '2019-07-18 18:43:10', '\r\nschermopantalla', 0),
(627, 'macchine', 'carro', 31, '2019-07-18 18:43:10', '2019-07-18 18:43:10', '\r\nmacchinecarro', 0),
(628, 'automobile', 'auto', 31, '2019-07-18 18:43:10', '2019-07-18 18:43:10', '\r\nautomobileauto', 0),
(629, 'batteria', 'bateria', 31, '2019-07-18 18:43:10', '2019-07-18 18:43:10', '\r\nbatteriabateria', 0),
(630, 'benzina', 'gasolina', 31, '2019-07-18 18:43:10', '2019-07-18 18:43:10', '\r\nbenzinagasolina', 0),
(631, 'automobili', 'autos', 31, '2019-07-18 18:43:10', '2019-07-18 18:43:10', '\r\nautomobiliautos', 0),
(632, 'strumento', 'instrumento, herramienta', 31, '2019-07-18 18:43:10', '2019-07-18 18:43:10', '\r\nstrumentoinstrumento,herramienta', 0),
(633, 'nazionale', 'nacional', 32, '2019-07-18 18:48:17', '2019-07-18 18:48:17', 'nazionalenacional', 0),
(634, 'straniera', 'extranjera', 32, '2019-07-18 18:48:17', '2019-07-18 18:48:17', '\r\nstranieraextranjera', 0),
(635, 'internazionale', 'internacional', 32, '2019-07-18 18:48:17', '2019-07-18 18:48:17', '\r\ninternazionaleinternacional', 0),
(636, 'stranieri', 'extranjeros', 32, '2019-07-18 18:48:17', '2019-07-18 18:48:17', '\r\nstranieriextranjeros', 0),
(637, 'cittadini', 'ciudadanos', 32, '2019-07-18 18:48:17', '2019-07-18 18:48:17', '\r\ncittadiniciudadanos', 0),
(638, 'cittadina', 'ciudadana', 32, '2019-07-18 18:48:17', '2019-07-18 18:48:17', '\r\ncittadinaciudadana', 0),
(639, 'popolo', 'pueblo', 32, '2019-07-18 18:48:17', '2019-07-18 18:48:17', '\r\npopolopueblo', 0),
(640, 'dove', 'donde', 32, '2019-07-18 18:48:18', '2019-07-18 18:48:18', '\r\ndovedonde', 0),
(641, 'bar', 'bar', 32, '2019-07-18 18:48:18', '2019-07-18 18:48:18', '\r\nbarbar', 0),
(642, 'nord', 'norte', 32, '2019-07-18 18:48:18', '2019-07-18 18:48:18', '\r\nnordnorte', 0),
(643, 'ovest', 'oeste', 32, '2019-07-18 18:48:18', '2019-07-18 18:48:18', '\r\novestoeste', 0),
(644, 'est', 'este', 32, '2019-07-18 18:48:18', '2019-07-18 18:48:18', '\r\nesteste', 0),
(645, 'sud', 'sur', 32, '2019-07-18 18:48:18', '2019-07-18 18:48:18', '\r\nsudsur', 0),
(646, 'autobus', 'autobus', 32, '2019-07-18 18:48:18', '2019-07-18 18:48:18', '\r\nautobusautobus', 0),
(647, 'argentini', 'argentinos', 32, '2019-07-18 18:48:18', '2019-07-18 18:48:18', '\r\nargentiniargentinos', 0),
(648, 'americano', 'americano', 32, '2019-07-18 18:48:18', '2019-07-18 18:48:18', '\r\namericanoamericano', 0),
(649, 'argentino', 'argentino', 32, '2019-07-18 18:48:18', '2019-07-18 18:48:18', '\r\nargentinoargentino', 0),
(650, 'brasiliani', 'brasileño', 32, '2019-07-18 18:48:18', '2019-07-18 18:48:18', '\r\nbrasilianibrasileño', 0),
(651, 'inghilterra', 'ingleterra', 32, '2019-07-18 18:48:18', '2019-07-18 18:48:18', '\r\ninghilterraingleterra', 0),
(652, 'americani', 'americanos', 32, '2019-07-18 18:48:18', '2019-07-18 18:48:18', '\r\namericaniamericanos', 0),
(653, 'argentina', 'argentina', 32, '2019-07-18 18:48:18', '2019-07-18 18:48:18', '\r\nargentinaargentina', 0),
(654, 'americane', 'americanas', 32, '2019-07-18 18:48:18', '2019-07-18 18:48:18', '\r\namericaneamericanas', 0),
(655, 'germania', 'alemania', 32, '2019-07-18 18:48:18', '2019-07-18 18:48:18', '\r\ngermaniaalemania', 0),
(656, 'brasiliano', 'brasileño', 32, '2019-07-18 18:48:18', '2019-07-18 18:48:18', '\r\nbrasilianobrasileño', 0),
(657, 'americana', 'americana', 32, '2019-07-18 18:48:18', '2019-07-18 18:48:18', '\r\namericanaamericana', 0),
(658, 'asia', 'asia', 32, '2019-07-18 18:48:18', '2019-07-18 18:48:18', '\r\nasiaasia', 0),
(659, 'europa', 'europa', 32, '2019-07-18 18:48:18', '2019-07-18 18:48:18', '\r\neuropaeuropa', 0),
(660, 'africa', 'africa', 32, '2019-07-18 18:48:18', '2019-07-18 18:48:18', '\r\nafricaafrica', 0),
(661, 'america', 'america', 32, '2019-07-18 18:48:18', '2019-07-18 18:48:18', '\r\namericaamerica', 0),
(662, 'cina', 'china', 32, '2019-07-18 18:48:18', '2019-07-18 18:48:18', '\r\ncinachina', 0),
(663, 'brasile', 'brasil', 32, '2019-07-18 18:48:19', '2019-07-18 18:48:19', '\r\nbrasilebrasil', 0),
(664, 'francia', 'francia', 32, '2019-07-18 18:48:19', '2019-07-18 18:48:19', '\r\nfranciafrancia', 0),
(665, 'spagna', 'españa', 32, '2019-07-18 18:48:19', '2019-07-18 18:48:19', '\r\nspagnaespaña', 0),
(666, 'italia', 'italia', 32, '2019-07-18 18:48:19', '2019-07-18 18:48:19', '\r\nitaliaitalia', 0),
(667, 'inglese', 'ingles', 32, '2019-07-18 18:48:19', '2019-07-18 18:48:19', '\r\ningleseingles', 0),
(668, 'inglesi', 'ingleses', 32, '2019-07-18 18:48:19', '2019-07-18 18:48:19', '\r\ninglesiingleses', 0),
(669, 'cinese', 'chino', 32, '2019-07-18 18:48:19', '2019-07-18 18:48:19', '\r\ncinesechino', 0),
(670, 'cinesi', 'chinos', 32, '2019-07-18 18:48:19', '2019-07-18 18:48:19', '\r\ncinesichinos', 0),
(671, 'francesi', 'franceses', 32, '2019-07-18 18:48:19', '2019-07-18 18:48:19', '\r\nfrancesifranceses', 0),
(672, 'europea', 'europea', 32, '2019-07-18 18:48:19', '2019-07-18 18:48:19', '\r\neuropeaeuropea', 0),
(673, 'europeo', 'europeo', 32, '2019-07-18 18:48:19', '2019-07-18 18:48:19', '\r\neuropeoeuropeo', 0),
(674, 'tedesco', 'aleman', 32, '2019-07-18 18:48:19', '2019-07-18 18:48:19', '\r\ntedescoaleman', 0),
(675, 'tedeschi', 'alemanes', 32, '2019-07-18 18:48:19', '2019-07-18 18:48:19', '\r\ntedeschialemanes', 0),
(676, 'francese', 'franceses', 32, '2019-07-18 18:48:19', '2019-07-18 18:48:19', '\r\nfrancesefranceses', 0),
(677, 'tedesca', 'alemana', 32, '2019-07-18 18:48:19', '2019-07-18 18:48:19', '\r\ntedescaalemana', 0),
(678, 'tedesche', 'alemanas', 32, '2019-07-18 18:48:19', '2019-07-18 18:48:19', '\r\ntedeschealemanas', 0),
(679, 'spagnolo', 'español', 32, '2019-07-18 18:48:19', '2019-07-18 18:48:19', '\r\nspagnoloespañol', 0),
(680, 'italiana', 'italiana', 32, '2019-07-18 18:48:19', '2019-07-18 18:48:19', '\r\nitalianaitaliana', 0),
(681, 'italiano', 'italiano', 32, '2019-07-18 18:48:19', '2019-07-18 18:48:19', '\r\nitalianoitaliano', 0),
(682, 'spagnoli', 'españoles', 32, '2019-07-18 18:48:19', '2019-07-18 18:48:19', '\r\nspagnoliespañoles', 0),
(683, 'italiani', 'italianos', 32, '2019-07-18 18:48:19', '2019-07-18 18:48:19', '\r\nitalianiitalianos', 0),
(684, 'portoghese', 'portugues', 32, '2019-07-18 18:48:19', '2019-07-18 18:48:19', '\r\nportogheseportugues', 0),
(685, 'portoghesi', 'portugueses', 32, '2019-07-18 18:48:20', '2019-07-18 18:48:20', '\r\nportoghesiportugueses', 0),
(686, 'continente', 'continente', 32, '2019-07-18 18:48:20', '2019-07-18 18:48:20', '\r\ncontinentecontinente', 0),
(687, 'aeroplani', 'aeroplano, avion', 32, '2019-07-18 18:48:20', '2019-07-18 18:48:20', '\r\naeroplaniaeroplano,avion', 0),
(688, 'barca', 'barco', 32, '2019-07-18 18:48:20', '2019-07-18 18:48:20', '\r\nbarcabarco', 0),
(689, 'campeggi', 'campamentos', 32, '2019-07-18 18:48:20', '2019-07-18 18:48:20', '\r\ncampeggicampamentos', 0),
(690, 'campeggio', 'campamento', 32, '2019-07-18 18:48:20', '2019-07-18 18:48:20', '\r\ncampeggiocampamento', 0),
(691, 'avventura', 'aventura', 32, '2019-07-18 18:48:20', '2019-07-18 18:48:20', '\r\navventuraaventura', 0),
(692, 'aeroplano', 'aeroplano, avion', 32, '2019-07-18 18:48:20', '2019-07-18 18:48:20', '\r\naeroplanoaeroplano,avion', 0),
(693, 'avventure', 'aventuras', 32, '2019-07-18 18:48:20', '2019-07-18 18:48:20', '\r\navventureaventuras', 0),
(694, 'passeggeri', 'pasajeros', 32, '2019-07-18 18:48:20', '2019-07-18 18:48:20', '\r\npasseggeripasajeros', 0),
(695, 'guida', 'guia, conduce, maneja', 32, '2019-07-18 18:48:20', '2019-07-18 18:48:20', '\r\nguidaguia,conduce,maneja', 0),
(696, 'passaporto', 'pasaporte', 32, '2019-07-18 18:48:20', '2019-07-18 18:48:20', '\r\npassaportopasaporte', 0),
(697, 'isole', 'islas', 32, '2019-07-18 18:48:20', '2019-07-18 18:48:20', '\r\nisoleislas', 0),
(698, 'motocicletta', 'moto', 32, '2019-07-18 18:48:20', '2019-07-18 18:48:20', '\r\nmotociclettamoto', 0),
(699, 'pilota', 'piloto', 32, '2019-07-18 18:48:20', '2019-07-18 18:48:20', '\r\npilotapiloto', 0),
(700, 'isola', 'isla', 32, '2019-07-18 18:48:20', '2019-07-18 18:48:20', '\r\nisolaisla', 0),
(701, 'voli', 'vuelos, vuelas', 32, '2019-07-18 18:48:20', '2019-07-18 18:48:20', '\r\nvolivuelos,vuelas', 0),
(702, 'turista', 'turista', 32, '2019-07-18 18:48:20', '2019-07-18 18:48:20', '\r\nturistaturista', 0),
(703, 'turisti', 'turistas', 32, '2019-07-18 18:48:20', '2019-07-18 18:48:20', '\r\nturistituristas', 0),
(704, 'valigia', 'maleta', 32, '2019-07-18 18:48:21', '2019-07-18 18:48:21', '\r\nvaligiamaleta', 0),
(705, 'biglietti', 'boletos, billetes', 32, '2019-07-18 18:48:21', '2019-07-18 18:48:21', '\r\nbigliettiboletos,billetes', 0),
(706, 'valigie', 'maletas', 32, '2019-07-18 18:48:21', '2019-07-18 18:48:21', '\r\nvaligiemaletas', 0),
(707, 'biglietto', 'boleto, billete', 32, '2019-07-18 18:48:21', '2019-07-18 18:48:21', '\r\nbigliettoboleto,billete', 0),
(708, 'traffico', 'trafico', 32, '2019-07-18 18:48:21', '2019-07-18 18:48:21', '\r\ntrafficotrafico', 0),
(709, 'vista', 'vista', 32, '2019-07-18 18:48:21', '2019-07-18 18:48:21', '\r\nvistavista', 0),
(710, 'turismo', 'turismo', 32, '2019-07-18 18:48:21', '2019-07-18 18:48:21', '\r\nturismoturismo', 0),
(711, 'luogo', 'lugar', 32, '2019-07-18 18:48:21', '2019-07-18 18:48:21', '\r\nluogolugar', 0),
(712, 'vacanza', 'vacaciones', 32, '2019-07-18 18:48:21', '2019-07-18 18:48:21', '\r\nvacanzavacaciones', 0),
(713, 'viaggio', 'viaje', 32, '2019-07-18 18:48:21', '2019-07-18 18:48:21', '\r\nviaggioviaje', 0),
(714, 'vacanze', 'vacaciones', 32, '2019-07-18 18:48:21', '2019-07-18 18:48:21', '\r\nvacanzevacaciones', 0),
(715, 'destinazione', 'destino', 32, '2019-07-18 18:48:21', '2019-07-18 18:48:21', '\r\ndestinazionedestino', 0),
(716, 'visite', 'visitas', 32, '2019-07-18 18:48:21', '2019-07-18 18:48:21', '\r\nvisitevisitas', 0),
(717, 'mappa', 'mapa', 32, '2019-07-18 18:48:21', '2019-07-18 18:48:21', '\r\nmappamapa', 0),
(718, 'treni', 'trenes', 32, '2019-07-18 18:48:21', '2019-07-18 18:48:21', '\r\ntrenitrenes', 0),
(719, 'treno', 'tren', 32, '2019-07-18 18:48:21', '2019-07-18 18:48:21', '\r\ntrenotren', 0),
(720, 'viaggi', 'viajes', 32, '2019-07-18 18:48:21', '2019-07-18 18:48:21', '\r\nviaggiviajes', 0),
(721, 'visita', 'visita', 32, '2019-07-18 18:48:21', '2019-07-18 18:48:21', '\r\nvisitavisita', 0),
(722, 'luoghi', 'lugares', 32, '2019-07-18 18:48:21', '2019-07-18 18:48:21', '\r\nluoghilugares', 0),
(723, 'territorio', 'territorio', 32, '2019-07-18 18:48:21', '2019-07-18 18:48:21', '\r\nterritorioterritorio', 0),
(724, 'estero', 'extranjero(lui è all\'estero)', 32, '2019-07-18 18:48:21', '2019-07-18 18:48:21', '\r\nesteroextranjero(luièall\'estero)', 0),
(725, 'straniero', 'extranjero', 32, '2019-07-18 18:48:21', '2019-07-18 18:48:21', '\r\nstranieroextranjero', 0),
(726, 'prenotazione', 'reserva', 32, '2019-07-18 18:48:22', '2019-07-18 18:48:22', '\r\nprenotazionereserva', 0),
(727, 'conto', 'cuenta', 32, '2019-07-18 18:48:22', '2019-07-18 18:48:22', '\r\ncontocuenta', 0),
(728, 'trasporti', 'transportes', 32, '2019-07-18 18:48:22', '2019-07-18 18:48:22', '\r\ntrasportitransportes', 0),
(729, 'aeroporto', 'aeropuerto', 32, '2019-07-18 18:48:22', '2019-07-18 18:48:22', '\r\naeroportoaeropuerto', 0),
(730, 'aereo', 'avion', 32, '2019-07-18 18:48:22', '2019-07-18 18:48:22', '\r\naereoavion', 0),
(731, 'appartamento', 'apartamento', 32, '2019-07-18 18:48:22', '2019-07-18 18:48:22', '\r\nappartamentoapartamento', 0),
(732, 'porto', 'puerto', 32, '2019-07-18 18:48:22', '2019-07-18 18:48:22', '\r\nportopuerto', 0),
(733, 'cucina', 'cocina', 32, '2019-07-18 18:48:22', '2019-07-18 18:48:22', '\r\ncucinacocina', 0),
(734, 'bagno', 'baño', 32, '2019-07-18 18:48:22', '2019-07-18 18:48:22', '\r\nbagnobaño', 0),
(735, 'castello', 'castillo', 32, '2019-07-18 18:48:22', '2019-07-18 18:48:22', '\r\ncastellocastillo', 0),
(736, 'libreria', 'libreria', 32, '2019-07-18 18:48:22', '2019-07-18 18:48:22', '\r\nlibrerialibreria', 0),
(737, 'castelli', 'castillos', 32, '2019-07-18 18:48:22', '2019-07-18 18:48:22', '\r\ncastellicastillos', 0),
(738, 'ponte', 'puente', 32, '2019-07-18 18:48:22', '2019-07-18 18:48:22', '\r\npontepuente', 0),
(739, 'edificio', 'edificio', 32, '2019-07-18 18:48:22', '2019-07-18 18:48:22', '\r\nedificioedificio', 0),
(740, 'pasticceria', 'pasteleria', 32, '2019-07-18 18:48:22', '2019-07-18 18:48:22', '\r\npasticceriapasteleria', 0),
(741, 'angolo', 'esquina', 32, '2019-07-18 18:48:22', '2019-07-18 18:48:22', '\r\nangoloesquina', 0),
(742, 'campi', 'campos', 32, '2019-07-18 18:48:22', '2019-07-18 18:48:22', '\r\ncampicampos', 0),
(743, 'centro', 'centro', 32, '2019-07-18 18:48:22', '2019-07-18 18:48:22', '\r\ncentrocentro', 0),
(744, 'collina', 'colina', 32, '2019-07-18 18:48:22', '2019-07-18 18:48:22', '\r\ncollinacolina', 0),
(745, 'sala', 'sala', 32, '2019-07-18 18:48:22', '2019-07-18 18:48:22', '\r\nsalasala', 0),
(746, 'campo', 'campo', 32, '2019-07-18 18:48:23', '2019-07-18 18:48:23', '\r\ncampocampo', 0),
(747, 'parco', 'parque', 32, '2019-07-18 18:48:23', '2019-07-18 18:48:23', '\r\nparcoparque', 0),
(748, 'posti', 'lugares, sitios', 32, '2019-07-18 18:48:23', '2019-07-18 18:48:23', '\r\npostilugares,sitios', 0),
(749, 'prigione', 'prision, carcel', 32, '2019-07-18 18:48:23', '2019-07-18 18:48:23', '\r\nprigioneprision,carcel', 0),
(750, 'regione', 'region', 32, '2019-07-18 18:48:23', '2019-07-18 18:48:23', '\r\nregioneregion', 0),
(751, 'piazza', 'plaza', 32, '2019-07-18 18:48:23', '2019-07-18 18:48:23', '\r\npiazzaplaza', 0),
(752, 'posto', 'lugar', 32, '2019-07-18 18:48:23', '2019-07-18 18:48:23', '\r\npostolugar', 0),
(753, 'museo', 'museo', 32, '2019-07-18 18:48:23', '2019-07-18 18:48:23', '\r\nmuseomuseo', 0),
(754, 'stadio', 'stadio', 32, '2019-07-18 18:48:23', '2019-07-18 18:48:23', '\r\nstadiostadio', 0),
(755, 'paese', 'pais', 32, '2019-07-18 18:48:23', '2019-07-18 18:48:23', '\r\npaesepais', 0),
(756, 'teatri', 'teatros', 32, '2019-07-18 18:48:23', '2019-07-18 18:48:23', '\r\nteatriteatros', 0),
(757, 'supermercato', 'supermercado', 32, '2019-07-18 18:48:23', '2019-07-18 18:48:23', '\r\nsupermercatosupermercado', 0),
(758, 'paesi', 'paises', 32, '2019-07-18 18:48:23', '2019-07-18 18:48:23', '\r\npaesipaises', 0),
(759, 'teatro', 'teatro', 32, '2019-07-18 18:48:23', '2019-07-18 18:48:23', '\r\nteatroteatro', 0),
(760, 'strada', 'calle', 32, '2019-07-18 18:48:23', '2019-07-18 18:48:23', '\r\nstradacalle', 0),
(761, 'villaggio', 'pueblo', 32, '2019-07-18 18:48:23', '2019-07-18 18:48:23', '\r\nvillaggiopueblo', 0),
(762, 'stazione', 'estacion', 32, '2019-07-18 18:48:23', '2019-07-18 18:48:23', '\r\nstazioneestacion', 0),
(763, 'ferroviaria', 'ferroviaria', 32, '2019-07-18 18:48:23', '2019-07-18 18:48:23', '\r\nferroviariaferroviaria', 0),
(764, 'palazzi', 'palacios', 32, '2019-07-18 18:48:23', '2019-07-18 18:48:23', '\r\npalazzipalacios', 0),
(765, 'palazzo', 'palacio', 32, '2019-07-18 18:48:23', '2019-07-18 18:48:23', '\r\npalazzopalacio', 0),
(766, 'provincia', 'provincia', 32, '2019-07-18 18:48:24', '2019-07-18 18:48:24', '\r\nprovinciaprovincia', 0),
(767, 'quartiere', 'barrio', 32, '2019-07-18 18:48:24', '2019-07-18 18:48:24', '\r\nquartierebarrio', 0),
(768, 'compagno', 'compañero', 33, '2019-07-18 18:54:28', '2019-07-18 18:54:28', 'compagnocompañero', 0),
(769, 'fratelli', 'hermanos', 33, '2019-07-18 18:54:28', '2019-07-18 18:54:28', '\r\nfratellihermanos', 0),
(770, 'nipote', 'sobrino, nieto, sobrina', 33, '2019-07-18 18:54:28', '2019-07-18 18:54:28', '\r\nnipotesobrino,nieto,sobrina', 0),
(771, 'amica', 'amiga', 33, '2019-07-18 18:54:28', '2019-07-18 18:54:28', '\r\namicaamiga', 0),
(772, 'uomo', 'hombre', 33, '2019-07-18 18:54:28', '2019-07-18 18:54:28', '\r\nuomohombre', 0),
(773, 'uomini', 'hombres', 33, '2019-07-18 18:54:28', '2019-07-18 18:54:28', '\r\nuominihombres', 0),
(774, 'ragazzo', 'chico', 33, '2019-07-18 18:54:28', '2019-07-18 18:54:28', '\r\nragazzochico', 0),
(775, 'ragazze', 'chicas', 33, '2019-07-18 18:54:29', '2019-07-18 18:54:29', '\r\nragazzechicas', 0),
(776, 'ragazza', 'chica', 33, '2019-07-18 18:54:29', '2019-07-18 18:54:29', '\r\nragazzachica', 0),
(777, 'fidanzato', 'novio', 33, '2019-07-18 18:54:29', '2019-07-18 18:54:29', '\r\nfidanzatonovio', 0),
(778, 'bambino', 'niño', 33, '2019-07-18 18:54:29', '2019-07-18 18:54:29', '\r\nbambinoniño', 0),
(779, 'donne', 'mujeres', 33, '2019-07-18 18:54:29', '2019-07-18 18:54:29', '\r\ndonnemujeres', 0),
(780, 'adulto', 'adulto', 33, '2019-07-18 18:54:29', '2019-07-18 18:54:29', '\r\nadultoadulto', 0),
(781, 'folla', 'multitud', 33, '2019-07-18 18:54:29', '2019-07-18 18:54:29', '\r\nfollamultitud', 0),
(782, 'matrimonio', 'matrimonio', 33, '2019-07-18 18:54:29', '2019-07-18 18:54:29', '\r\nmatrimoniomatrimonio', 0),
(783, 'ospite', 'huesped', 33, '2019-07-18 18:54:29', '2019-07-18 18:54:29', '\r\nospitehuesped', 0),
(784, 'ospiti', 'huespedes', 33, '2019-07-18 18:54:29', '2019-07-18 18:54:29', '\r\nospitihuespedes', 0),
(785, 'vicina', 'vecina', 33, '2019-07-18 18:54:29', '2019-07-18 18:54:29', '\r\nvicinavecina', 0),
(786, 'vicini', 'vecinos', 33, '2019-07-18 18:54:29', '2019-07-18 18:54:29', '\r\nvicinivecinos', 0),
(787, 'gente', 'gente', 33, '2019-07-18 18:54:29', '2019-07-18 18:54:29', '\r\ngentegente', 0),
(788, 'fratello', 'hermano', 33, '2019-07-18 18:54:29', '2019-07-18 18:54:29', '\r\nfratellohermano', 0),
(789, 'padre', 'padre', 33, '2019-07-18 18:54:29', '2019-07-18 18:54:29', '\r\npadrepadre', 0),
(790, 'figlio', 'hijo', 33, '2019-07-18 18:54:29', '2019-07-18 18:54:29', '\r\nfigliohijo', 0),
(791, 'figlie', 'hijas', 33, '2019-07-18 18:54:29', '2019-07-18 18:54:29', '\r\nfigliehijas', 0),
(792, 'papà', 'papa', 33, '2019-07-18 18:54:29', '2019-07-18 18:54:29', '\r\npapàpapa', 0),
(793, 'cugini', 'primos', 33, '2019-07-18 18:54:29', '2019-07-18 18:54:29', '\r\ncuginiprimos', 0),
(794, 'zia', 'tia', 33, '2019-07-18 18:54:29', '2019-07-18 18:54:29', '\r\nziatia', 0),
(795, 'famiglia', 'familia', 33, '2019-07-18 18:54:29', '2019-07-18 18:54:29', '\r\nfamigliafamilia', 0),
(796, 'zio', 'tio', 33, '2019-07-18 18:54:29', '2019-07-18 18:54:29', '\r\nziotio', 0),
(797, 'cugino', 'primo', 33, '2019-07-18 18:54:29', '2019-07-18 18:54:29', '\r\ncuginoprimo', 0),
(798, 'zie', 'tias', 33, '2019-07-18 18:54:30', '2019-07-18 18:54:30', '\r\nzietias', 0),
(799, 'marito', 'marido', 33, '2019-07-18 18:54:30', '2019-07-18 18:54:30', '\r\nmaritomarido', 0),
(800, 'figli', 'fijos', 33, '2019-07-18 18:54:30', '2019-07-18 18:54:30', '\r\nfiglifijos', 0),
(801, 'mogli', 'esposas', 33, '2019-07-18 18:54:30', '2019-07-18 18:54:30', '\r\nmogliesposas', 0),
(802, 'madre', 'madre', 33, '2019-07-18 18:54:30', '2019-07-18 18:54:30', '\r\nmadremadre', 0),
(803, 'nonno', 'abuelo', 33, '2019-07-18 18:54:30', '2019-07-18 18:54:30', '\r\nnonnoabuelo', 0),
(804, 'moglie', 'esposa', 33, '2019-07-18 18:54:30', '2019-07-18 18:54:30', '\r\nmoglieesposa', 0),
(805, 'figlia', 'hija', 33, '2019-07-18 18:54:30', '2019-07-18 18:54:30', '\r\nfigliahija', 0),
(806, 'nonna', 'abuela', 33, '2019-07-18 18:54:30', '2019-07-18 18:54:30', '\r\nnonnaabuela', 0),
(807, 'nomi', 'nombres', 33, '2019-07-18 18:54:30', '2019-07-18 18:54:30', '\r\nnominombres', 0),
(808, 'genitori', 'padres', 33, '2019-07-18 18:54:30', '2019-07-18 18:54:30', '\r\ngenitoripadres', 0),
(809, 'mamma', 'mama', 33, '2019-07-18 18:54:30', '2019-07-18 18:54:30', '\r\nmammamama', 0),
(810, 'nome', 'nombre', 33, '2019-07-18 18:54:30', '2019-07-18 18:54:30', '\r\nnomenombre', 0),
(811, 'cognomi', 'apellidos', 33, '2019-07-18 18:54:30', '2019-07-18 18:54:30', '\r\ncognomiapellidos', 0),
(812, 'sorella', 'hermana', 33, '2019-07-18 18:54:30', '2019-07-18 18:54:30', '\r\nsorellahermana', 0),
(813, 'sorelle', 'hermanas', 33, '2019-07-18 18:54:30', '2019-07-18 18:54:30', '\r\nsorellehermanas', 0),
(814, 'cognome', 'apellido', 33, '2019-07-18 18:54:30', '2019-07-18 18:54:30', '\r\ncognomeapellido', 0),
(815, 'età', 'edad', 33, '2019-07-18 18:54:30', '2019-07-18 18:54:30', '\r\netàedad', 0),
(816, 'personalità', 'personalidad', 33, '2019-07-18 18:54:30', '2019-07-18 18:54:30', '\r\npersonalitàpersonalidad', 0),
(817, 'ragazzi', 'chicos', 33, '2019-07-18 18:54:30', '2019-07-18 18:54:30', '\r\nragazzichicos', 0);

-- --------------------------------------------------------

--
-- Estructura de tabla para la tabla `migrations`
--

CREATE TABLE `migrations` (
  `id` int(10) UNSIGNED NOT NULL,
  `migration` varchar(255) COLLATE utf8mb4_unicode_ci NOT NULL,
  `batch` int(11) NOT NULL
) ENGINE=InnoDB DEFAULT CHARSET=utf8mb4 COLLATE=utf8mb4_unicode_ci;

--
-- Volcado de datos para la tabla `migrations`
--

INSERT INTO `migrations` (`id`, `migration`, `batch`) VALUES
(1, '2016_10_18_161006_create_categorias_table', 1),
(2, '2017_10_17_213028_create_italianos_table', 1),
(3, '2017_10_18_160607_create_griegos_table', 1),
(4, '2017_10_18_160903_create_ingles_table', 1),
(5, '2017_11_02_005631_create_cuestionarios_table', 1),
(6, '2018_09_23_141327_create_recursos_table', 2),
(7, '2018_10_01_205750_alter_tables_slug', 3),
(8, '2019_01_24_175610_create_dialogos_table', 4),
(9, '2018_10_01_205750_alter_tables_favorita', 5);

-- --------------------------------------------------------

--
-- Estructura de tabla para la tabla `notas`
--

CREATE TABLE `notas` (
  `id` int(10) UNSIGNED NOT NULL,
  `nota` longtext COLLATE utf8mb4_unicode_ci NOT NULL,
  `id_categoria` int(10) UNSIGNED NOT NULL,
  `created_at` timestamp NULL DEFAULT NULL,
  `updated_at` timestamp NULL DEFAULT NULL
) ENGINE=InnoDB DEFAULT CHARSET=utf8mb4 COLLATE=utf8mb4_unicode_ci;

--
-- Volcado de datos para la tabla `notas`
--

INSERT INTO `notas` (`id`, `nota`, `id_categoria`, `created_at`, `updated_at`) VALUES
(1, 'Adjetivos que terminan por -ος y hacen el femenino con -α en lugar de –η. Los adjetivos con estas terminaciones son aquellos cuya raíz termina en sonido i o en cualquier otra vocal acentuada. Por ejemplo, los adjetivos άγριος (salvaje), άδειος (vacío), δημόσιος (público), καινούργιος (nuevo), κρύος (frío).', 25, '2019-03-14 09:44:38', '2019-03-14 09:44:38'),
(3, 'El adjetivo va antes que el sujeto/objeto.\r\n\r\nEj: Το πράσινο βιβλίο => El libro verde', 25, '2019-03-14 10:19:31', '2019-03-14 10:19:31'),
(4, 'IMPORTANTE: Los adjetivos posesivos se escriben después del sustantivo.', 26, '2019-03-27 17:00:42', '2019-03-27 17:00:42');

-- --------------------------------------------------------

--
-- Estructura de tabla para la tabla `recursos`
--

CREATE TABLE `recursos` (
  `id` int(10) UNSIGNED NOT NULL,
  `idioma` varchar(255) COLLATE utf8mb4_unicode_ci NOT NULL,
  `descripcion` text COLLATE utf8mb4_unicode_ci,
  `imagen` varchar(255) COLLATE utf8mb4_unicode_ci NOT NULL,
  `id_categoria` int(10) UNSIGNED NOT NULL,
  `created_at` timestamp NULL DEFAULT NULL,
  `updated_at` timestamp NULL DEFAULT NULL
) ENGINE=InnoDB DEFAULT CHARSET=utf8mb4 COLLATE=utf8mb4_unicode_ci;

--
-- Volcado de datos para la tabla `recursos`
--

INSERT INTO `recursos` (`id`, `idioma`, `descripcion`, `imagen`, `id_categoria`, `created_at`, `updated_at`) VALUES
(8, 'griego', NULL, '1553709691_Τα-κτητικά-επίθετα-και-οι-κτητικές-αντωνυμίες.pdf', 26, '2019-03-27 17:01:31', '2019-03-27 17:01:31'),
(9, 'griego', NULL, '1553710168_Τα-επίθετα.pdf', 25, '2019-03-27 17:09:28', '2019-03-27 17:09:28'),
(10, 'griego', NULL, '1553710315_Η-κλίση-των-άρθρων.pdf', 15, '2019-03-27 17:11:55', '2019-03-27 17:11:55'),
(11, 'griego', NULL, '1553710404_Τα-κέρματα-και-τα-τραπεζογραμμάτια.pdf', 21, '2019-03-27 17:13:24', '2019-03-27 17:13:24'),
(12, 'griego', NULL, '1553710624_Οι-αριθμοί-στη-γενική-2.pdf', 20, '2019-03-27 17:17:04', '2019-03-27 17:17:04'),
(13, 'griego', NULL, '1553710710_Τα-τακτικά-αριθμητικά.pdf', 19, '2019-03-27 17:18:30', '2019-03-27 17:18:30'),
(14, 'griego', NULL, '1553710808_Οι-αριθμοί.pdf', 19, '2019-03-27 17:20:08', '2019-03-27 17:20:08'),
(15, 'griego', NULL, '1553710880_Τα-ουσιαστικά.pdf', 18, '2019-03-27 17:21:20', '2019-03-27 17:21:20'),
(16, 'griego', NULL, '1554225667_1.jpg', 6, '2019-04-02 15:21:07', '2019-04-02 15:21:07'),
(17, 'griego', NULL, '1554225682_2.jpg', 6, '2019-04-02 15:21:22', '2019-04-02 15:21:22'),
(18, 'griego', NULL, '1554225688_3.jpg', 6, '2019-04-02 15:21:28', '2019-04-02 15:21:28'),
(19, 'griego', NULL, '1554225760_1.jpg', 7, '2019-04-02 15:22:40', '2019-04-02 15:22:40'),
(20, 'griego', NULL, '1554225767_2.jpg', 7, '2019-04-02 15:22:47', '2019-04-02 15:22:47'),
(21, 'griego', NULL, '1554225773_3.jpg', 7, '2019-04-02 15:22:53', '2019-04-02 15:22:53'),
(22, 'griego', NULL, '1554225779_4.jpg', 7, '2019-04-02 15:22:59', '2019-04-02 15:22:59'),
(23, 'griego', NULL, '1554225785_5.jpg', 7, '2019-04-02 15:23:05', '2019-04-02 15:23:05'),
(24, 'griego', NULL, '1554225792_6.jpg', 7, '2019-04-02 15:23:12', '2019-04-02 15:23:12'),
(25, 'griego', NULL, '1554225797_7.jpg', 7, '2019-04-02 15:23:17', '2019-04-02 15:23:17'),
(26, 'griego', NULL, '1554225861_1.jpg', 8, '2019-04-02 15:24:21', '2019-04-02 15:24:21'),
(27, 'griego', NULL, '1554225868_2.jpg', 8, '2019-04-02 15:24:28', '2019-04-02 15:24:28'),
(28, 'griego', NULL, '1554225876_3.jpg', 8, '2019-04-02 15:24:36', '2019-04-02 15:24:36');

-- --------------------------------------------------------

--
-- Estructura de tabla para la tabla `tablas`
--

CREATE TABLE `tablas` (
  `id` int(10) UNSIGNED NOT NULL,
  `titulo` text COLLATE utf8mb4_unicode_ci,
  `filas` int(11) NOT NULL,
  `columnas` int(11) NOT NULL,
  `datos` text COLLATE utf8mb4_unicode_ci NOT NULL,
  `id_categoria` int(10) UNSIGNED NOT NULL,
  `created_at` timestamp NULL DEFAULT NULL,
  `updated_at` timestamp NULL DEFAULT NULL
) ENGINE=InnoDB DEFAULT CHARSET=utf8mb4 COLLATE=utf8mb4_unicode_ci;

--
-- Volcado de datos para la tabla `tablas`
--

INSERT INTO `tablas` (`id`, `titulo`, `filas`, `columnas`, `datos`, `id_categoria`, `created_at`, `updated_at`) VALUES
(9, 'Adjetivos posesivos', 6, 3, '[\"-\",\"Singular\",\"Plural\",\"1\\u00aa pers.\",\"\\u03bc\\u03bf\\u03c5\",\"\\u03bc\\u03b1\\u03c2\",\"2\\u00aa pers.\",\"\\u03c3\\u03bf\\u03c5\",\"\\u03c3\\u03b1\\u03c2\",\"-\",\"\\u03c4\\u03bf\\u03c5\",\"-\",\"3\\u00aa pers.\",\"\\u03c4\\u03b7\\u03c2\",\"\\u03c4\\u03bf\\u03c5\\u03c2\",\"-\",\"\\u03c4\\u03bf\\u03c5\",\"-\"]', 26, '2019-03-27 17:05:10', '2019-03-27 17:05:10'),
(10, 'Pronombres posesivos', 6, 3, '[\"-\",\"Singular\",\"Plural\",\"1\\u00aa pers.\",\"\\u03b4\\u03b9\\u03ba\\u03cc\\u03c2 \\u03bc\\u03bf\\u03c5\",\"\\u03b4\\u03b9\\u03ba\\u03cc\\u03c2 \\u03bc\\u03b1\\u03c2\",\"2\\u00aa pers.\",\"\\u03b4\\u03b9\\u03ba\\u03cc\\u03c2 \\u03c3\\u03bf\\u03c5\",\"\\u03b4\\u03b9\\u03ba\\u03cc\\u03c2 \\u03c3\\u03b1\\u03c2\",\"-\",\"\\u03b4\\u03b9\\u03ba\\u03cc\\u03c2 \\u03c4\\u03bf\\u03c5\",\"-\",\"3\\u00aa pers.\",\"\\u03b4\\u03b9\\u03ba\\u03cc\\u03c2 \\u03c4\\u03b7\\u03c2\",\"\\u03b4\\u03b9\\u03ba\\u03cc\\u03c2 \\u03c4\\u03bf\\u03c5\\u03c2\",\"-\",\"\\u03b4\\u03b9\\u03ba\\u03cc\\u03c2 \\u03c4\\u03bf\\u03c5\",\"-\"]', 26, '2019-03-27 17:06:48', '2019-03-27 17:06:48');

--
-- Índices para tablas volcadas
--

--
-- Indices de la tabla `categorias`
--
ALTER TABLE `categorias`
  ADD PRIMARY KEY (`id`);

--
-- Indices de la tabla `cuestionarios`
--
ALTER TABLE `cuestionarios`
  ADD PRIMARY KEY (`id`);

--
-- Indices de la tabla `dialogos`
--
ALTER TABLE `dialogos`
  ADD PRIMARY KEY (`id`);

--
-- Indices de la tabla `griegos`
--
ALTER TABLE `griegos`
  ADD PRIMARY KEY (`id`),
  ADD KEY `griegos_id_categoria_foreign` (`id_categoria`);

--
-- Indices de la tabla `ingles`
--
ALTER TABLE `ingles`
  ADD PRIMARY KEY (`id`),
  ADD KEY `ingles_id_categoria_foreign` (`id_categoria`);

--
-- Indices de la tabla `italianos`
--
ALTER TABLE `italianos`
  ADD PRIMARY KEY (`id`),
  ADD KEY `italianos_id_categoria_foreign` (`id_categoria`);

--
-- Indices de la tabla `migrations`
--
ALTER TABLE `migrations`
  ADD PRIMARY KEY (`id`);

--
-- Indices de la tabla `notas`
--
ALTER TABLE `notas`
  ADD PRIMARY KEY (`id`),
  ADD KEY `notas_id_categoria_foreign` (`id_categoria`);

--
-- Indices de la tabla `recursos`
--
ALTER TABLE `recursos`
  ADD PRIMARY KEY (`id`),
  ADD KEY `recursos_id_categoria_foreign` (`id_categoria`);

--
-- Indices de la tabla `tablas`
--
ALTER TABLE `tablas`
  ADD PRIMARY KEY (`id`),
  ADD KEY `tablas_id_categoria_foreign` (`id_categoria`);

--
-- AUTO_INCREMENT de las tablas volcadas
--

--
-- AUTO_INCREMENT de la tabla `categorias`
--
ALTER TABLE `categorias`
  MODIFY `id` int(10) UNSIGNED NOT NULL AUTO_INCREMENT, AUTO_INCREMENT=34;
--
-- AUTO_INCREMENT de la tabla `cuestionarios`
--
ALTER TABLE `cuestionarios`
  MODIFY `id` int(10) UNSIGNED NOT NULL AUTO_INCREMENT;
--
-- AUTO_INCREMENT de la tabla `dialogos`
--
ALTER TABLE `dialogos`
  MODIFY `id` int(10) UNSIGNED NOT NULL AUTO_INCREMENT, AUTO_INCREMENT=3;
--
-- AUTO_INCREMENT de la tabla `griegos`
--
ALTER TABLE `griegos`
  MODIFY `id` int(10) UNSIGNED NOT NULL AUTO_INCREMENT, AUTO_INCREMENT=479;
--
-- AUTO_INCREMENT de la tabla `ingles`
--
ALTER TABLE `ingles`
  MODIFY `id` int(10) UNSIGNED NOT NULL AUTO_INCREMENT;
--
-- AUTO_INCREMENT de la tabla `italianos`
--
ALTER TABLE `italianos`
  MODIFY `id` int(10) UNSIGNED NOT NULL AUTO_INCREMENT, AUTO_INCREMENT=818;
--
-- AUTO_INCREMENT de la tabla `migrations`
--
ALTER TABLE `migrations`
  MODIFY `id` int(10) UNSIGNED NOT NULL AUTO_INCREMENT, AUTO_INCREMENT=10;
--
-- AUTO_INCREMENT de la tabla `notas`
--
ALTER TABLE `notas`
  MODIFY `id` int(10) UNSIGNED NOT NULL AUTO_INCREMENT, AUTO_INCREMENT=5;
--
-- AUTO_INCREMENT de la tabla `recursos`
--
ALTER TABLE `recursos`
  MODIFY `id` int(10) UNSIGNED NOT NULL AUTO_INCREMENT, AUTO_INCREMENT=29;
--
-- AUTO_INCREMENT de la tabla `tablas`
--
ALTER TABLE `tablas`
  MODIFY `id` int(10) UNSIGNED NOT NULL AUTO_INCREMENT, AUTO_INCREMENT=11;
--
-- Restricciones para tablas volcadas
--

--
-- Filtros para la tabla `griegos`
--
ALTER TABLE `griegos`
  ADD CONSTRAINT `griegos_id_categoria_foreign` FOREIGN KEY (`id_categoria`) REFERENCES `categorias` (`id`) ON DELETE CASCADE ON UPDATE CASCADE;

--
-- Filtros para la tabla `ingles`
--
ALTER TABLE `ingles`
  ADD CONSTRAINT `ingles_id_categoria_foreign` FOREIGN KEY (`id_categoria`) REFERENCES `categorias` (`id`) ON DELETE CASCADE ON UPDATE CASCADE;

--
-- Filtros para la tabla `italianos`
--
ALTER TABLE `italianos`
  ADD CONSTRAINT `italianos_id_categoria_foreign` FOREIGN KEY (`id_categoria`) REFERENCES `categorias` (`id`) ON DELETE CASCADE ON UPDATE CASCADE;

--
-- Filtros para la tabla `notas`
--
ALTER TABLE `notas`
  ADD CONSTRAINT `notas_id_categoria_foreign` FOREIGN KEY (`id_categoria`) REFERENCES `categorias` (`id`) ON DELETE CASCADE ON UPDATE CASCADE;

--
-- Filtros para la tabla `recursos`
--
ALTER TABLE `recursos`
  ADD CONSTRAINT `recursos_id_categoria_foreign` FOREIGN KEY (`id_categoria`) REFERENCES `categorias` (`id`) ON DELETE CASCADE ON UPDATE CASCADE;

--
-- Filtros para la tabla `tablas`
--
ALTER TABLE `tablas`
  ADD CONSTRAINT `tablas_id_categoria_foreign` FOREIGN KEY (`id_categoria`) REFERENCES `categorias` (`id`) ON DELETE CASCADE ON UPDATE CASCADE;

/*!40101 SET CHARACTER_SET_CLIENT=@OLD_CHARACTER_SET_CLIENT */;
/*!40101 SET CHARACTER_SET_RESULTS=@OLD_CHARACTER_SET_RESULTS */;
/*!40101 SET COLLATION_CONNECTION=@OLD_COLLATION_CONNECTION */;
